,Document Title,Abstract,Year,PDF Link,label
0,104765718,"[1, 1, 4, 0, 0, 0, 0, 3, 0, 0, 0, 3, 2, 1, 2, 0, 0, 0, 0, 1, 1, 0, 0, 0, 2, 0, 0, 1, 0, 0, 1, 0, 0, 1, 3, 0, 0, 0, 0, 0, 3, 1, 1, 1, 0, 2, 0, 0, 0, 0, 0, 0, 0, 0, 0, 0, 0, 5, 0, 3, 0, 0, 0, 4, 0, 0, 0, 0, 1, 2, 0, 0, 0, 0, 0, 0, 0, 0, 1, 0, 0, 0, 0, 0, 0, 0, 0, 0, 0, 0, 0, 0, 0, 0, 0, 3, 0, 0, 0, 0, 0, 0, 0, 0, 0, 0, 0, 0, 0, 0, 0, 0, 0, 0, 0, 0, 0, 0, 0, 0, 0, 0, 0, 0, 0, 0, 0, 0, 0, 0, 0, 0, 0, 0, 0, 1, 0, 0, 0, 0, 0, 0, 0, 0, 1, 0, 0, 0, 0, 0, 0, 0, 0, 0, 0, 0, 0, 0, 0, 0, 0, 0, 0, 0, 1, 1, 0, 0, 0]",,,yes
1,115572890,"[1, 24, 26, 0, 0, 0, 0, 21, 27, 9, 9, 13, 45, 30, 7, 55, 18, 17, 0, 1, 0, 9, 59, 0, 0, 0, 0, 38, 57, 20, 11, 12, 9, 8, 0, 10, 12, 12, 56, 26, 0, 63, 63, 1, 7, 3, 0, 5, 2, 0, 0, 0, 12, 1, 1, 1, 1, 0, 2, 23, 5, 0, 12, 12, 0, 3, 12, 8, 0, 0, 0, 0, 0, 0, 0, 1, 0, 0, 0, 0, 0, 4, 0, 0, 6, 9, 0, 0, 0, 0, 0, 12, 0, 0, 1, 65, 0, 0, 0, 0, 0, 0, 0, 0, 0, 0, 0, 28, 0, 0, 0, 0, 0, 0, 0, 0, 0, 0, 0, 0, 0, 0, 0, 0, 0, 0, 1, 0, 1, 36, 0, 0, 0, 0, 0, 0, 0, 0, 0, 0, 0, 0, 0, 0, 60, 0, 0, 32, 0, 0, 0, 0, 1, 0, 0, 0, 0, 0, 0, 0, 0, 0, 0, 0, 0, 0, 0, 0, 0]",,,no
2,131776257,"[1, 2, 2, 0, 0, 0, 0, 0, 0, 0, 0, 2, 0, 0, 0, 0, 0, 0, 0, 1, 0, 0, 2, 0, 2, 0, 0, 2, 0, 1, 0, 5, 0, 0, 0, 0, 0, 0, 0, 0, 0, 5, 5, 0, 0, 0, 0, 0, 0, 0, 0, 4, 0, 0, 0, 0, 0, 4, 0, 0, 0, 0, 0, 0, 0, 0, 0, 0, 1, 1, 0, 0, 0, 0, 0, 0, 0, 0, 0, 0, 0, 0, 0, 0, 0, 0, 0, 0, 0, 0, 0, 0, 0, 0, 0, 0, 0, 0, 0, 0, 0, 0, 0, 0, 0, 0, 0, 0, 0, 0, 0, 0, 0, 0, 0, 0, 0, 0, 0, 0, 0, 0, 0, 0, 0, 0, 0, 0, 0, 0, 0, 0, 0, 0, 0, 0, 0, 0, 0, 0, 0, 0, 0, 0, 0, 0, 0, 0, 0, 0, 0, 0, 0, 0, 0, 0, 0, 0, 0, 0, 0, 0, 0, 0, 0, 0, 0, 0, 0]",,,yes
3,135727484,"[1, 16, 54, 11, 11, 0, 0, 0, 0, 4, 4, 31, 10, 18, 22, 0, 26, 4, 2, 1, 0, 0, 32, 0, 0, 7, 7, 0, 27, 17, 0, 0, 0, 0, 4, 0, 17, 17, 0, 0, 4, 4, 4, 8, 22, 0, 0, 0, 0, 4, 4, 4, 0, 0, 0, 0, 0, 0, 0, 0, 0, 0, 0, 0, 0, 0, 0, 0, 0, 0, 0, 0, 0, 0, 0, 0, 0, 0, 0, 0, 0, 0, 0, 0, 0, 0, 0, 0, 0, 0, 0, 0, 0, 0, 0, 0, 0, 0, 0, 0, 0, 0, 0, 0, 0, 0, 0, 0, 0, 0, 0, 0, 0, 0, 0, 0, 0, 0, 0, 0, 0, 0, 0, 0, 0, 0, 0, 0, 0, 0, 0, 0, 0, 0, 0, 0, 0, 0, 0, 0, 0, 0, 0, 0, 0, 0, 0, 0, 0, 0, 0, 0, 0, 0, 0, 0, 0, 0, 0, 0, 0, 0, 0, 0, 0, 0, 0, 0, 0]",,,yes
4,139447302,"[1, 4, 11, 7, 7, 0, 0, 0, 0, 0, 0, 10, 1, 1, 0, 0, 0, 0, 0, 1, 0, 0, 9, 0, 0, 0, 0, 2, 4, 4, 0, 1, 1, 0, 2, 0, 4, 4, 0, 0, 3, 0, 0, 0, 0, 1, 0, 0, 1, 0, 0, 1, 2, 0, 0, 0, 0, 0, 0, 2, 0, 0, 0, 1, 1, 0, 0, 0, 0, 0, 0, 0, 0, 0, 0, 0, 0, 0, 0, 0, 0, 0, 0, 0, 0, 0, 0, 0, 0, 0, 0, 0, 0, 0, 0, 0, 0, 0, 0, 0, 0, 0, 0, 0, 2, 2, 0, 0, 0, 0, 0, 0, 0, 0, 0, 0, 0, 0, 0, 0, 0, 1, 0, 0, 0, 0, 0, 0, 0, 0, 0, 0, 0, 0, 0, 0, 0, 0, 0, 0, 0, 0, 0, 0, 0, 0, 0, 0, 0, 0, 0, 0, 0, 0, 0, 0, 0, 0, 0, 0, 0, 0, 0, 0, 0, 0, 0, 0, 0]",,,yes
5,147703536,"[1, 1, 3, 7, 7, 0, 0, 0, 3, 13, 13, 2, 15, 3, 0, 6, 0, 0, 0, 0, 0, 4, 36, 0, 29, 0, 0, 4, 0, 0, 0, 1, 0, 0, 2, 2, 1, 1, 0, 6, 23, 0, 0, 0, 2, 8, 0, 1, 0, 0, 0, 0, 0, 0, 0, 0, 0, 0, 0, 0, 0, 0, 0, 0, 0, 0, 0, 2, 1, 1, 0, 0, 0, 0, 0, 0, 0, 0, 0, 0, 0, 0, 0, 0, 0, 0, 0, 0, 0, 0, 0, 0, 0, 0, 0, 4, 2, 0, 0, 1, 0, 0, 0, 0, 0, 0, 0, 0, 0, 0, 0, 0, 0, 0, 0, 0, 0, 0, 0, 0, 0, 0, 0, 0, 0, 0, 0, 0, 0, 0, 0, 0, 0, 0, 0, 0, 0, 0, 0, 0, 0, 0, 0, 0, 0, 0, 0, 0, 0, 0, 0, 0, 0, 0, 0, 0, 0, 0, 0, 0, 0, 0, 0, 0, 0, 0, 0, 0, 0]",,,yes
6,154033750,"[1, 4, 13, 0, 0, 0, 0, 0, 0, 4, 4, 11, 1, 5, 0, 0, 3, 0, 0, 0, 0, 0, 13, 1, 0, 0, 0, 3, 0, 0, 0, 0, 0, 0, 2, 0, 11, 11, 0, 0, 2, 0, 0, 1, 0, 0, 0, 0, 1, 0, 0, 0, 2, 0, 0, 0, 0, 1, 0, 0, 0, 0, 0, 0, 0, 0, 0, 1, 0, 3, 0, 0, 0, 0, 0, 0, 0, 0, 3, 0, 0, 0, 0, 0, 0, 0, 0, 0, 0, 0, 0, 0, 0, 0, 0, 0, 0, 0, 0, 0, 0, 0, 0, 0, 0, 0, 0, 0, 0, 0, 0, 0, 0, 0, 0, 0, 0, 0, 0, 0, 0, 0, 0, 0, 0, 0, 0, 0, 0, 0, 0, 0, 0, 0, 0, 0, 0, 0, 0, 0, 0, 0, 0, 0, 0, 0, 0, 0, 0, 0, 0, 0, 0, 0, 0, 0, 0, 0, 0, 0, 0, 0, 0, 0, 0, 0, 0, 0, 0]",,,yes
7,158821339,"[1, 5, 11, 9, 9, 0, 0, 0, 0, 7, 7, 16, 1, 3, 0, 12, 6, 1, 1, 1, 0, 0, 27, 0, 1, 0, 0, 6, 4, 4, 3, 2, 0, 0, 4, 0, 2, 2, 0, 0, 4, 6, 6, 0, 0, 0, 0, 0, 3, 0, 0, 10, 2, 0, 0, 0, 0, 0, 0, 1, 0, 0, 0, 1, 2, 0, 0, 6, 1, 1, 0, 0, 0, 0, 0, 0, 0, 0, 0, 0, 0, 0, 0, 0, 0, 0, 0, 0, 0, 0, 0, 0, 0, 10, 0, 0, 0, 0, 0, 0, 0, 0, 0, 0, 0, 0, 0, 0, 0, 0, 0, 0, 0, 0, 0, 0, 0, 0, 0, 0, 0, 0, 0, 2, 0, 0, 0, 0, 0, 0, 0, 0, 0, 0, 0, 1, 0, 0, 0, 0, 0, 0, 0, 0, 6, 12, 0, 0, 0, 0, 0, 0, 0, 1, 0, 0, 0, 0, 0, 0, 0, 0, 0, 0, 0, 0, 0, 0, 0]",,,yes
8,159518283,"[1, 13, 22, 24, 24, 0, 0, 2, 9, 9, 9, 17, 14, 6, 0, 4, 2, 6, 3, 2, 0, 14, 26, 0, 11, 0, 0, 20, 43, 20, 8, 1, 0, 0, 6, 1, 9, 9, 0, 0, 15, 22, 22, 0, 0, 0, 0, 0, 0, 1, 1, 1, 0, 0, 0, 0, 0, 1, 0, 16, 1, 0, 10, 2, 0, 0, 5, 2, 1, 10, 0, 0, 0, 0, 0, 1, 0, 0, 9, 0, 0, 0, 0, 0, 1, 0, 0, 0, 0, 0, 0, 0, 3, 0, 0, 3, 0, 0, 0, 0, 0, 0, 0, 0, 0, 0, 0, 0, 0, 0, 0, 0, 0, 0, 0, 0, 0, 0, 0, 0, 0, 1, 0, 0, 0, 1, 0, 0, 0, 0, 0, 0, 0, 0, 0, 26, 0, 0, 0, 0, 0, 0, 0, 0, 55, 0, 0, 0, 0, 0, 0, 0, 0, 0, 0, 0, 0, 0, 0, 0, 0, 0, 0, 0, 0, 0, 0, 0, 0]",,,yes
9,167129715,"[1, 2, 23, 8, 8, 0, 0, 0, 1, 8, 8, 14, 12, 0, 0, 4, 9, 2, 1, 4, 0, 0, 17, 2, 7, 0, 0, 2, 0, 0, 0, 0, 0, 0, 4, 2, 0, 0, 0, 0, 4, 0, 0, 2, 0, 0, 0, 0, 0, 0, 0, 0, 0, 0, 0, 0, 0, 1, 0, 0, 0, 0, 0, 0, 0, 0, 0, 2, 0, 0, 0, 0, 0, 0, 0, 0, 0, 0, 0, 0, 0, 0, 0, 0, 0, 0, 0, 0, 0, 0, 0, 0, 0, 0, 0, 4, 0, 0, 0, 2, 0, 0, 0, 0, 0, 0, 0, 0, 1, 1, 0, 0, 0, 0, 0, 0, 0, 0, 0, 0, 0, 0, 0, 0, 0, 0, 0, 0, 0, 0, 0, 0, 0, 0, 0, 0, 0, 0, 0, 0, 0, 0, 0, 0, 3, 0, 0, 0, 0, 0, 0, 0, 0, 0, 0, 0, 0, 0, 0, 0, 0, 0, 0, 0, 0, 0, 0, 0, 0]",,,yes
10,167472991,"[1, 4, 5, 4, 4, 0, 0, 1, 0, 0, 0, 6, 3, 2, 4, 0, 0, 0, 0, 2, 0, 0, 4, 0, 0, 1, 1, 1, 1, 1, 0, 2, 0, 0, 0, 0, 2, 2, 0, 0, 0, 0, 0, 0, 1, 0, 0, 0, 0, 1, 1, 3, 2, 2, 2, 0, 0, 0, 0, 0, 1, 0, 0, 0, 0, 0, 1, 1, 0, 4, 0, 0, 0, 0, 0, 0, 0, 0, 4, 0, 0, 0, 0, 0, 0, 0, 0, 2, 0, 0, 0, 0, 0, 2, 2, 0, 0, 0, 0, 0, 0, 0, 0, 0, 0, 0, 0, 0, 0, 1, 0, 0, 0, 0, 0, 0, 0, 0, 0, 0, 0, 0, 0, 0, 0, 0, 0, 0, 0, 0, 0, 0, 0, 0, 0, 0, 0, 0, 0, 0, 0, 0, 0, 0, 0, 0, 0, 0, 0, 0, 0, 0, 0, 2, 0, 0, 0, 0, 0, 0, 0, 0, 0, 0, 0, 0, 0, 0, 0]",,,no
11,170315872,"[1, 23, 32, 1, 1, 0, 0, 0, 0, 3, 3, 36, 0, 0, 0, 0, 0, 0, 0, 1, 0, 0, 37, 0, 6, 1, 1, 3, 21, 41, 0, 6, 0, 0, 0, 0, 30, 30, 0, 0, 0, 0, 0, 0, 0, 0, 0, 0, 0, 0, 0, 11, 0, 0, 0, 0, 0, 0, 0, 24, 0, 0, 1, 2, 0, 0, 0, 0, 21, 21, 0, 0, 0, 0, 0, 2, 0, 0, 0, 0, 0, 0, 0, 0, 0, 0, 0, 0, 0, 0, 0, 0, 0, 1, 0, 0, 0, 0, 0, 1, 0, 0, 0, 0, 0, 0, 0, 0, 0, 0, 0, 0, 0, 0, 0, 0, 0, 1, 0, 0, 0, 0, 0, 0, 0, 0, 0, 0, 0, 0, 0, 0, 0, 0, 0, 1, 0, 0, 0, 0, 0, 0, 0, 0, 0, 0, 1, 0, 0, 0, 0, 0, 0, 0, 0, 0, 0, 0, 0, 0, 0, 0, 0, 0, 0, 0, 0, 0, 0]",,,no
12,170650739,"[1, 23, 38, 0, 0, 0, 0, 0, 4, 3, 3, 19, 11, 2, 1, 6, 2, 0, 0, 0, 0, 0, 30, 28, 0, 0, 0, 14, 23, 17, 0, 7, 0, 0, 0, 3, 0, 0, 14, 0, 0, 0, 0, 7, 32, 0, 18, 0, 1, 0, 0, 0, 0, 0, 0, 0, 0, 0, 0, 29, 5, 0, 19, 11, 0, 0, 0, 0, 0, 0, 0, 0, 0, 0, 0, 0, 0, 0, 0, 0, 0, 0, 0, 0, 0, 0, 28, 0, 0, 0, 0, 0, 0, 0, 0, 0, 0, 0, 0, 21, 0, 0, 0, 21, 0, 0, 0, 0, 0, 0, 0, 0, 0, 0, 0, 0, 0, 0, 0, 0, 0, 0, 0, 0, 0, 0, 0, 0, 0, 0, 0, 0, 0, 14, 0, 0, 0, 0, 0, 0, 0, 0, 0, 0, 0, 0, 0, 0, 0, 0, 0, 0, 0, 0, 0, 0, 0, 0, 0, 0, 0, 0, 0, 0, 0, 0, 0, 0, 0]",,,no
13,170724578,"[1, 18, 27, 15, 15, 0, 0, 62, 43, 3, 3, 32, 133, 38, 21, 169, 55, 3, 2, 9, 0, 59, 138, 15, 64, 4, 4, 49, 36, 30, 8, 5, 5, 6, 15, 59, 6, 6, 15, 33, 48, 69, 69, 6, 25, 7, 18, 7, 13, 2, 2, 2, 35, 10, 10, 17, 17, 10, 192, 65, 13, 0, 0, 24, 0, 4, 31, 45, 1, 24, 0, 0, 0, 0, 0, 13, 0, 0, 23, 0, 0, 10, 35, 0, 25, 113, 10, 9, 6, 0, 0, 10, 0, 0, 8, 21, 5, 0, 12, 5, 7, 1, 11, 0, 151, 151, 7, 0, 1, 12, 0, 0, 9, 4, 1, 1, 6, 9, 0, 0, 0, 7, 0, 0, 0, 2, 3, 0, 4, 1, 0, 0, 0, 0, 0, 1, 0, 0, 0, 0, 0, 0, 4, 1, 0, 0, 0, 2, 0, 0, 0, 0, 0, 0, 0, 0, 0, 0, 0, 0, 0, 0, 0, 0, 0, 0, 0, 0, 0]",,,yes
14,170787472,"[1, 7, 9, 0, 0, 0, 0, 0, 0, 6, 6, 10, 0, 0, 0, 0, 5, 0, 0, 0, 0, 0, 0, 0, 0, 0, 0, 0, 0, 0, 0, 0, 0, 0, 0, 0, 0, 0, 0, 0, 0, 0, 0, 1, 0, 0, 0, 0, 0, 0, 0, 0, 0, 0, 0, 0, 0, 1, 0, 0, 0, 0, 0, 0, 0, 0, 10, 0, 0, 2, 0, 0, 0, 0, 0, 0, 0, 0, 2, 0, 0, 0, 0, 0, 0, 0, 0, 0, 0, 0, 0, 0, 0, 0, 0, 0, 0, 0, 0, 0, 0, 0, 0, 0, 0, 0, 0, 0, 0, 0, 0, 0, 0, 0, 0, 0, 0, 0, 0, 0, 0, 0, 0, 0, 0, 0, 0, 0, 0, 0, 0, 0, 0, 0, 0, 0, 0, 0, 0, 0, 0, 0, 0, 0, 0, 0, 0, 0, 0, 0, 0, 0, 0, 0, 0, 0, 0, 0, 0, 0, 0, 0, 0, 0, 0, 0, 0, 0, 0]",,,no
15,177246730,"[1, 37, 85, 26, 26, 0, 0, 11, 23, 6, 6, 78, 76, 21, 1, 20, 37, 5, 2, 1, 0, 23, 55, 3, 24, 9, 9, 27, 99, 35, 20, 5, 1, 0, 18, 1, 44, 44, 7, 3, 12, 5, 5, 0, 4, 2, 0, 1, 21, 11, 11, 14, 11, 3, 3, 0, 0, 3, 0, 14, 0, 0, 0, 3, 0, 0, 0, 5, 0, 0, 0, 0, 0, 0, 0, 0, 0, 0, 0, 0, 0, 0, 0, 0, 2, 0, 4, 9, 0, 0, 0, 0, 0, 0, 9, 5, 0, 0, 0, 1, 0, 0, 0, 4, 2, 2, 1, 0, 0, 0, 0, 0, 0, 0, 0, 0, 0, 0, 0, 0, 0, 0, 0, 0, 0, 0, 0, 0, 0, 0, 0, 0, 0, 0, 0, 0, 0, 0, 0, 0, 0, 0, 0, 0, 49, 1, 0, 0, 0, 0, 0, 0, 0, 0, 0, 0, 0, 0, 0, 0, 0, 0, 0, 0, 0, 0, 0, 0, 0]",,,yes
16,177387158,"[1, 4, 4, 4, 4, 0, 0, 4, 0, 0, 0, 3, 2, 2, 4, 0, 0, 0, 0, 0, 0, 0, 4, 0, 0, 1, 1, 1, 1, 6, 0, 2, 0, 0, 0, 0, 2, 2, 0, 0, 0, 0, 0, 0, 1, 0, 0, 0, 0, 0, 0, 4, 2, 2, 2, 0, 0, 0, 0, 0, 1, 0, 0, 0, 0, 0, 0, 1, 0, 2, 0, 0, 0, 0, 0, 2, 0, 0, 2, 0, 0, 0, 0, 0, 0, 0, 0, 4, 0, 0, 0, 0, 0, 4, 2, 0, 0, 0, 0, 0, 0, 0, 0, 0, 0, 0, 0, 0, 1, 1, 0, 0, 0, 0, 0, 0, 0, 0, 0, 0, 0, 0, 0, 0, 0, 0, 0, 0, 0, 0, 0, 0, 0, 0, 0, 0, 0, 0, 0, 0, 0, 0, 0, 0, 0, 0, 0, 0, 0, 0, 0, 0, 0, 2, 0, 0, 0, 0, 0, 0, 0, 0, 0, 0, 0, 0, 0, 0, 0]",,,no
17,177394012,"[1, 1, 1, 1, 1, 0, 0, 0, 0, 0, 0, 0, 1, 0, 1, 2, 1, 0, 0, 0, 0, 0, 2, 0, 0, 0, 0, 0, 0, 0, 1, 0, 0, 0, 0, 0, 0, 0, 0, 0, 0, 3, 3, 0, 0, 0, 0, 0, 0, 0, 0, 0, 1, 0, 0, 0, 0, 0, 0, 0, 0, 0, 0, 0, 3, 0, 0, 0, 0, 0, 1, 0, 0, 0, 0, 0, 0, 0, 0, 0, 0, 0, 0, 0, 0, 0, 0, 0, 0, 0, 0, 0, 0, 0, 0, 0, 0, 0, 0, 0, 0, 0, 0, 0, 0, 0, 0, 0, 0, 0, 0, 0, 0, 0, 0, 0, 0, 0, 0, 0, 0, 0, 2, 0, 0, 0, 0, 0, 0, 0, 0, 0, 0, 0, 0, 0, 0, 0, 0, 0, 0, 0, 0, 0, 0, 0, 0, 0, 0, 0, 0, 0, 0, 0, 0, 0, 0, 0, 0, 0, 0, 0, 0, 0, 0, 0, 0, 0, 0]",,,no
18,179493945,"[1, 1, 1, 0, 0, 0, 0, 1, 0, 0, 0, 1, 4, 2, 0, 0, 0, 3, 3, 1, 0, 0, 2, 2, 0, 0, 0, 2, 0, 0, 0, 1, 1, 0, 0, 0, 0, 0, 2, 0, 0, 0, 0, 0, 3, 0, 0, 0, 1, 0, 0, 2, 1, 0, 0, 0, 0, 0, 0, 0, 0, 0, 0, 0, 0, 0, 0, 0, 1, 1, 0, 0, 0, 0, 0, 0, 0, 0, 0, 0, 0, 0, 0, 0, 0, 0, 2, 0, 0, 1, 1, 0, 0, 0, 0, 5, 2, 0, 0, 0, 0, 0, 0, 0, 0, 0, 0, 0, 0, 0, 0, 0, 1, 4, 4, 5, 5, 0, 0, 0, 0, 0, 0, 0, 0, 0, 0, 0, 0, 0, 0, 0, 0, 0, 0, 0, 0, 0, 0, 0, 0, 0, 0, 0, 0, 0, 0, 0, 0, 0, 0, 0, 0, 0, 0, 0, 0, 0, 0, 0, 0, 0, 0, 0, 0, 0, 0, 0, 0]",,,no
19,183348444,"[1, 14, 18, 0, 0, 0, 0, 1, 0, 3, 3, 0, 0, 0, 0, 0, 58, 0, 0, 0, 0, 0, 0, 0, 0, 1, 1, 2, 8, 6, 0, 0, 2, 0, 0, 0, 0, 0, 0, 0, 1, 21, 21, 0, 0, 0, 0, 0, 0, 0, 0, 7, 0, 0, 0, 0, 0, 2, 0, 0, 0, 0, 0, 0, 36, 0, 0, 0, 0, 0, 0, 0, 0, 0, 0, 0, 0, 0, 0, 0, 0, 0, 0, 0, 0, 0, 0, 0, 0, 0, 0, 0, 0, 0, 0, 0, 0, 0, 0, 0, 0, 0, 0, 0, 0, 0, 0, 0, 0, 0, 0, 0, 0, 0, 0, 0, 0, 0, 0, 0, 0, 0, 5, 8, 0, 0, 0, 0, 0, 0, 0, 0, 0, 0, 0, 0, 0, 0, 0, 0, 0, 0, 0, 0, 0, 0, 0, 0, 0, 0, 0, 0, 0, 0, 0, 0, 0, 0, 0, 0, 0, 0, 0, 0, 0, 0, 0, 0, 0]",,,no
20,184247881,"[1, 2, 3, 0, 0, 0, 0, 0, 0, 0, 0, 3, 0, 1, 0, 0, 1, 0, 0, 0, 0, 0, 1, 0, 0, 1, 1, 1, 0, 0, 0, 1, 1, 0, 0, 0, 1, 1, 0, 0, 0, 0, 0, 0, 0, 0, 0, 0, 0, 0, 0, 1, 0, 0, 0, 0, 0, 0, 0, 0, 0, 0, 0, 0, 0, 0, 1, 0, 0, 1, 0, 0, 0, 0, 0, 0, 0, 0, 1, 0, 0, 0, 0, 0, 0, 0, 0, 0, 0, 0, 0, 0, 0, 1, 0, 0, 0, 0, 0, 0, 0, 0, 0, 0, 0, 0, 0, 0, 0, 0, 0, 0, 0, 0, 0, 0, 0, 0, 0, 0, 0, 0, 0, 0, 0, 0, 0, 0, 0, 0, 0, 0, 0, 0, 0, 0, 0, 0, 0, 0, 0, 0, 0, 0, 0, 0, 0, 0, 0, 0, 0, 0, 0, 0, 0, 0, 0, 0, 0, 0, 0, 0, 0, 0, 0, 0, 0, 0, 0]",,,no
21,190654774,"[1, 2, 2, 0, 0, 0, 0, 0, 0, 0, 0, 2, 0, 0, 0, 0, 2, 0, 0, 0, 0, 0, 0, 0, 0, 1, 1, 0, 0, 0, 0, 0, 0, 0, 0, 0, 0, 0, 0, 0, 0, 7, 7, 0, 0, 0, 0, 0, 0, 0, 0, 0, 0, 0, 0, 0, 0, 6, 0, 0, 0, 0, 1, 0, 0, 0, 0, 0, 0, 0, 0, 0, 0, 0, 0, 0, 0, 0, 0, 0, 0, 0, 0, 0, 0, 0, 0, 0, 0, 0, 0, 0, 0, 0, 0, 0, 0, 0, 0, 0, 0, 0, 0, 0, 0, 0, 0, 0, 0, 0, 0, 0, 1, 1, 1, 0, 1, 0, 0, 0, 0, 0, 0, 0, 0, 0, 0, 0, 0, 0, 0, 0, 0, 0, 0, 0, 0, 0, 0, 0, 0, 0, 1, 0, 0, 0, 0, 0, 0, 0, 0, 0, 0, 0, 0, 0, 0, 0, 0, 0, 0, 0, 0, 0, 0, 0, 0, 0, 0]",,,no
22,195561339,"[1, 4, 4, 2, 2, 0, 0, 1, 0, 0, 0, 1, 2, 1, 0, 0, 0, 0, 0, 1, 0, 0, 5, 3, 0, 0, 0, 5, 4, 4, 3, 0, 0, 0, 1, 0, 3, 3, 0, 0, 2, 2, 2, 0, 1, 0, 0, 0, 3, 0, 0, 2, 5, 3, 3, 0, 0, 2, 0, 1, 0, 0, 0, 2, 0, 0, 0, 2, 0, 1, 0, 0, 0, 0, 0, 0, 0, 0, 1, 0, 0, 0, 0, 0, 0, 0, 0, 2, 0, 0, 0, 0, 0, 0, 3, 0, 0, 0, 0, 0, 0, 0, 0, 0, 2, 2, 0, 0, 0, 0, 0, 0, 0, 0, 0, 0, 0, 0, 0, 0, 0, 2, 2, 0, 0, 0, 0, 0, 0, 0, 0, 0, 0, 0, 0, 0, 0, 0, 0, 0, 0, 0, 0, 0, 0, 0, 0, 0, 0, 0, 0, 0, 0, 0, 0, 0, 0, 0, 0, 0, 0, 0, 0, 0, 0, 0, 0, 0, 0]",,,yes
23,195659617,"[1, 2, 3, 1, 1, 0, 0, 0, 0, 0, 0, 3, 9, 4, 0, 0, 1, 0, 0, 1, 0, 1, 4, 1, 0, 0, 0, 2, 2, 1, 0, 0, 0, 0, 1, 1, 3, 3, 0, 0, 1, 3, 3, 0, 1, 0, 0, 0, 2, 0, 0, 0, 2, 0, 0, 0, 0, 0, 0, 0, 0, 0, 0, 0, 0, 0, 0, 3, 1, 2, 0, 0, 0, 0, 0, 0, 0, 0, 1, 0, 0, 1, 0, 0, 0, 0, 0, 0, 0, 0, 0, 0, 1, 0, 0, 0, 0, 0, 0, 0, 0, 0, 0, 0, 0, 0, 0, 0, 1, 1, 0, 0, 0, 0, 0, 0, 0, 0, 0, 0, 0, 0, 0, 0, 0, 0, 1, 0, 0, 0, 0, 0, 0, 0, 0, 0, 0, 0, 0, 0, 0, 0, 0, 0, 0, 0, 0, 0, 0, 0, 0, 0, 0, 0, 0, 0, 0, 0, 0, 0, 0, 0, 0, 0, 0, 0, 0, 0, 0]",,,no
24,197139298,"[1, 17, 20, 0, 0, 0, 0, 5, 0, 16, 16, 10, 0, 0, 0, 0, 16, 0, 0, 1, 0, 0, 25, 0, 11, 1, 1, 22, 47, 16, 0, 4, 0, 0, 0, 0, 14, 14, 0, 0, 0, 10, 10, 0, 0, 9, 0, 0, 0, 0, 0, 4, 0, 0, 0, 0, 0, 4, 0, 0, 0, 0, 0, 0, 3, 0, 0, 0, 0, 9, 0, 0, 0, 0, 0, 0, 0, 0, 9, 0, 0, 0, 0, 0, 0, 0, 0, 0, 0, 0, 0, 0, 0, 3, 0, 0, 0, 0, 0, 1, 0, 0, 0, 3, 0, 0, 0, 0, 1, 0, 0, 0, 0, 0, 0, 0, 0, 0, 0, 0, 0, 0, 0, 0, 0, 0, 0, 0, 0, 0, 0, 0, 0, 0, 0, 0, 0, 0, 0, 0, 0, 0, 0, 0, 55, 0, 0, 0, 0, 0, 0, 0, 0, 0, 0, 0, 0, 0, 0, 0, 0, 0, 0, 0, 0, 0, 0, 0, 0]",,,yes
25,199394411,"[1, 2, 1, 0, 0, 0, 0, 0, 0, 0, 0, 1, 0, 0, 0, 0, 1, 0, 0, 0, 0, 0, 0, 0, 0, 0, 0, 0, 0, 0, 1, 0, 1, 0, 0, 0, 0, 0, 0, 0, 0, 0, 0, 3, 0, 0, 0, 0, 0, 1, 1, 1, 1, 0, 0, 0, 0, 1, 0, 0, 0, 0, 1, 0, 1, 0, 1, 0, 0, 0, 0, 0, 0, 0, 0, 0, 0, 0, 0, 0, 0, 0, 0, 0, 0, 0, 0, 0, 0, 0, 0, 0, 0, 1, 0, 0, 0, 0, 0, 0, 0, 0, 0, 0, 0, 0, 0, 0, 0, 0, 0, 0, 2, 0, 0, 0, 0, 0, 0, 0, 0, 0, 0, 0, 0, 0, 0, 0, 0, 0, 0, 0, 0, 0, 0, 0, 0, 0, 0, 0, 0, 0, 1, 0, 0, 0, 0, 0, 0, 0, 0, 0, 0, 0, 0, 0, 0, 0, 0, 0, 0, 0, 0, 0, 0, 0, 0, 0, 0]",,,no
26,201388954,"[1, 6, 5, 0, 0, 0, 0, 12, 0, 6, 6, 9, 0, 0, 0, 0, 13, 0, 0, 6, 0, 0, 9, 0, 5, 0, 0, 14, 21, 10, 0, 11, 0, 0, 0, 0, 4, 4, 0, 0, 0, 9, 9, 0, 0, 2, 0, 0, 0, 0, 0, 6, 0, 5, 5, 0, 0, 17, 0, 5, 0, 0, 0, 6, 0, 2, 0, 0, 0, 0, 0, 0, 0, 0, 0, 0, 0, 0, 0, 0, 0, 0, 0, 0, 0, 0, 0, 1, 2, 0, 0, 0, 0, 0, 4, 0, 0, 0, 0, 0, 0, 0, 0, 0, 0, 0, 0, 0, 0, 0, 0, 0, 0, 0, 0, 0, 0, 0, 0, 0, 3, 0, 0, 0, 0, 0, 0, 0, 0, 0, 0, 0, 0, 0, 0, 0, 0, 0, 0, 0, 0, 0, 0, 0, 2, 0, 0, 0, 0, 0, 0, 0, 0, 0, 0, 0, 0, 0, 0, 0, 0, 0, 0, 0, 0, 0, 0, 0, 0]",,,yes
27,203024779,"[1, 3, 10, 2, 2, 0, 0, 1, 0, 2, 2, 6, 8, 1, 0, 5, 0, 0, 0, 0, 0, 0, 10, 3, 1, 0, 0, 6, 2, 3, 3, 0, 0, 0, 1, 0, 4, 4, 0, 0, 2, 6, 6, 0, 1, 0, 0, 0, 4, 0, 0, 2, 4, 3, 3, 0, 0, 9, 0, 0, 0, 0, 0, 0, 1, 0, 0, 2, 0, 6, 0, 0, 0, 0, 0, 0, 0, 0, 6, 0, 0, 0, 0, 0, 0, 0, 0, 2, 0, 0, 0, 0, 0, 0, 2, 0, 0, 0, 0, 0, 0, 0, 0, 0, 2, 2, 0, 0, 0, 0, 0, 0, 0, 0, 0, 0, 0, 0, 0, 0, 0, 0, 1, 0, 0, 0, 0, 0, 0, 0, 0, 0, 0, 0, 0, 0, 0, 0, 0, 0, 0, 0, 0, 0, 0, 0, 0, 0, 0, 0, 0, 0, 0, 0, 0, 0, 0, 0, 0, 0, 0, 0, 0, 0, 0, 0, 0, 0, 0]",,,yes
28,203324760,"[1, 9, 12, 0, 0, 0, 0, 47, 0, 9, 9, 4, 0, 0, 0, 6, 80, 0, 0, 0, 0, 0, 0, 9, 0, 0, 0, 15, 22, 14, 4, 8, 7, 1, 6, 3, 0, 0, 6, 0, 10, 36, 36, 29, 0, 1, 6, 6, 3, 0, 0, 0, 5, 0, 0, 3, 3, 0, 8, 26, 3, 0, 0, 22, 0, 2, 0, 0, 5, 29, 0, 0, 0, 0, 0, 0, 0, 0, 24, 0, 0, 0, 0, 0, 0, 27, 9, 0, 0, 0, 0, 0, 0, 0, 0, 0, 0, 0, 0, 0, 0, 0, 0, 0, 0, 0, 0, 0, 0, 0, 0, 0, 0, 0, 0, 0, 0, 0, 0, 0, 0, 0, 0, 0, 0, 6, 0, 0, 6, 0, 0, 0, 0, 0, 0, 0, 0, 0, 0, 0, 0, 0, 0, 0, 0, 0, 0, 0, 0, 0, 0, 0, 0, 0, 0, 0, 0, 0, 0, 0, 0, 0, 0, 0, 0, 0, 0, 0, 0]",,,no
29,204426626,"[1, 4, 5, 6, 6, 0, 0, 0, 0, 4, 4, 6, 0, 0, 0, 0, 4, 0, 0, 2, 0, 0, 10, 0, 0, 2, 2, 2, 6, 4, 2, 2, 0, 0, 2, 0, 4, 4, 0, 0, 4, 5, 5, 0, 0, 0, 0, 0, 0, 0, 0, 0, 1, 2, 2, 0, 0, 0, 0, 2, 0, 0, 0, 2, 0, 0, 0, 0, 0, 0, 0, 0, 0, 0, 0, 0, 0, 0, 0, 0, 0, 0, 0, 0, 1, 0, 0, 2, 0, 0, 0, 0, 0, 4, 2, 0, 0, 0, 0, 0, 0, 0, 0, 0, 0, 0, 0, 0, 0, 0, 0, 0, 0, 0, 0, 0, 0, 0, 0, 0, 2, 0, 0, 0, 0, 0, 0, 0, 0, 0, 0, 0, 0, 0, 0, 0, 0, 0, 0, 0, 0, 0, 0, 0, 4, 0, 0, 0, 0, 0, 0, 0, 0, 0, 0, 0, 0, 0, 0, 0, 0, 0, 0, 0, 0, 0, 0, 0, 0]",,,yes
30,208014011,"[1, 31, 70, 6, 6, 0, 0, 17, 93, 9, 9, 75, 35, 7, 0, 94, 36, 1, 1, 8, 0, 21, 32, 6, 0, 0, 0, 24, 49, 39, 15, 3, 0, 8, 12, 5, 14, 14, 0, 11, 6, 64, 64, 0, 6, 12, 0, 0, 0, 0, 0, 1, 16, 7, 7, 0, 0, 1, 0, 5, 7, 0, 12, 9, 0, 0, 0, 13, 1, 4, 0, 0, 0, 0, 0, 14, 0, 0, 3, 0, 0, 13, 0, 0, 0, 0, 4, 14, 0, 0, 0, 25, 0, 0, 14, 20, 0, 0, 0, 8, 0, 6, 0, 0, 0, 0, 0, 0, 0, 0, 0, 0, 0, 0, 0, 0, 0, 0, 0, 0, 0, 0, 0, 2, 0, 1, 4, 0, 0, 0, 0, 0, 0, 0, 0, 0, 0, 0, 0, 0, 0, 0, 0, 0, 2, 62, 0, 20, 0, 0, 0, 0, 0, 0, 0, 0, 0, 0, 0, 0, 0, 0, 0, 0, 0, 0, 0, 0, 0]",,,yes
31,209361427,"[1, 4, 6, 0, 0, 0, 0, 2, 0, 4, 4, 4, 2, 4, 1, 1, 4, 0, 0, 2, 0, 0, 5, 0, 1, 0, 0, 4, 2, 2, 0, 3, 0, 0, 2, 0, 4, 4, 0, 0, 0, 0, 0, 0, 0, 0, 0, 0, 0, 0, 0, 1, 3, 2, 2, 0, 0, 0, 0, 0, 0, 0, 0, 0, 1, 0, 0, 0, 0, 0, 0, 0, 0, 0, 0, 0, 0, 0, 0, 0, 0, 0, 0, 0, 0, 0, 0, 2, 0, 0, 0, 0, 0, 1, 2, 0, 0, 0, 0, 0, 0, 0, 0, 0, 0, 0, 0, 0, 0, 0, 0, 0, 0, 0, 0, 0, 0, 1, 0, 0, 0, 0, 0, 0, 0, 0, 0, 0, 0, 0, 0, 0, 0, 0, 0, 0, 0, 0, 0, 0, 0, 0, 0, 0, 0, 0, 0, 0, 0, 0, 0, 0, 0, 0, 0, 0, 0, 0, 0, 0, 0, 0, 0, 0, 0, 0, 0, 0, 0]",,,no
32,210352594,"[1, 6, 8, 0, 0, 0, 0, 2, 0, 3, 3, 6, 2, 1, 1, 1, 4, 0, 0, 2, 0, 0, 3, 0, 0, 0, 0, 5, 4, 3, 1, 2, 0, 0, 1, 0, 3, 3, 0, 1, 1, 0, 0, 0, 1, 0, 1, 0, 1, 1, 1, 3, 0, 1, 1, 0, 0, 0, 0, 2, 0, 0, 0, 2, 0, 0, 0, 0, 1, 1, 0, 0, 0, 0, 0, 0, 0, 0, 0, 0, 0, 0, 0, 0, 0, 0, 1, 1, 1, 0, 0, 0, 0, 1, 1, 0, 0, 1, 0, 1, 0, 0, 0, 1, 0, 0, 0, 0, 0, 0, 0, 0, 0, 0, 0, 0, 0, 0, 0, 0, 1, 0, 0, 0, 0, 0, 0, 0, 0, 0, 0, 0, 0, 0, 0, 0, 0, 0, 0, 0, 0, 0, 0, 0, 0, 0, 0, 0, 0, 0, 0, 0, 0, 0, 0, 0, 0, 0, 0, 0, 0, 0, 0, 0, 0, 0, 0, 0, 0]",,,no
33,213507765,"[1, 3, 3, 5, 5, 0, 0, 0, 0, 0, 0, 3, 1, 1, 0, 0, 3, 0, 0, 1, 0, 0, 9, 0, 0, 1, 1, 2, 3, 4, 1, 7, 0, 0, 2, 0, 4, 4, 0, 0, 2, 0, 0, 0, 0, 0, 0, 0, 1, 1, 1, 2, 0, 2, 2, 0, 0, 1, 0, 0, 0, 0, 0, 0, 0, 0, 0, 1, 0, 0, 0, 0, 0, 0, 0, 0, 0, 0, 0, 0, 0, 0, 0, 0, 0, 0, 0, 1, 0, 0, 0, 0, 0, 0, 1, 0, 0, 0, 0, 0, 0, 0, 0, 0, 2, 2, 0, 0, 0, 0, 0, 0, 0, 0, 0, 0, 0, 0, 0, 0, 1, 0, 0, 0, 0, 0, 0, 0, 0, 0, 0, 0, 0, 0, 0, 0, 0, 0, 0, 0, 0, 0, 0, 0, 0, 0, 0, 0, 0, 0, 0, 0, 0, 0, 0, 0, 0, 0, 0, 0, 0, 0, 0, 0, 0, 0, 0, 0, 0]",,,yes
34,213630768,"[1, 4, 4, 0, 0, 0, 0, 1, 4, 5, 5, 0, 0, 0, 0, 7, 3, 0, 0, 8, 0, 0, 3, 0, 0, 0, 0, 1, 8, 4, 0, 1, 1, 0, 0, 0, 0, 0, 0, 0, 0, 11, 11, 0, 0, 0, 0, 0, 0, 0, 0, 1, 0, 0, 0, 0, 0, 0, 0, 12, 0, 0, 0, 11, 15, 0, 0, 0, 0, 0, 4, 0, 0, 0, 7, 0, 0, 0, 0, 0, 0, 0, 0, 0, 0, 0, 0, 0, 0, 0, 0, 0, 0, 0, 0, 0, 0, 0, 0, 0, 0, 0, 0, 0, 0, 0, 0, 0, 0, 0, 0, 0, 0, 0, 0, 0, 0, 0, 0, 0, 0, 0, 0, 1, 0, 0, 0, 0, 0, 0, 0, 0, 0, 0, 0, 0, 0, 0, 0, 0, 0, 0, 0, 0, 0, 0, 0, 0, 0, 0, 0, 0, 0, 0, 0, 0, 0, 0, 0, 0, 0, 0, 0, 0, 0, 0, 0, 0, 0]",,,no
35,213886286,"[1, 1, 4, 2, 2, 0, 0, 0, 0, 0, 0, 3, 1, 0, 0, 0, 0, 0, 0, 0, 0, 1, 2, 0, 1, 0, 0, 2, 0, 0, 1, 1, 1, 0, 0, 0, 1, 1, 0, 0, 0, 0, 0, 0, 0, 0, 0, 0, 1, 0, 0, 1, 0, 0, 0, 0, 0, 0, 0, 0, 0, 0, 0, 0, 0, 1, 0, 0, 1, 1, 0, 0, 0, 0, 0, 0, 0, 0, 0, 0, 0, 0, 0, 0, 0, 0, 0, 0, 0, 0, 0, 0, 0, 0, 0, 0, 0, 0, 0, 0, 0, 0, 0, 0, 0, 0, 0, 0, 0, 0, 0, 0, 0, 0, 0, 0, 0, 0, 0, 0, 0, 0, 0, 0, 0, 0, 0, 0, 0, 0, 0, 0, 0, 0, 0, 0, 0, 0, 0, 0, 0, 0, 0, 0, 0, 0, 0, 0, 0, 0, 0, 0, 0, 0, 0, 0, 0, 0, 0, 0, 0, 0, 0, 0, 0, 0, 0, 0, 0]",,,no
36,215060396,"[1, 5, 11, 0, 0, 0, 0, 0, 5, 3, 3, 14, 6, 2, 0, 3, 14, 0, 0, 1, 0, 3, 1, 0, 0, 0, 0, 8, 6, 5, 3, 1, 0, 0, 0, 0, 4, 4, 0, 0, 2, 1, 1, 2, 0, 3, 0, 0, 0, 0, 0, 0, 3, 0, 0, 0, 0, 1, 0, 9, 2, 0, 2, 4, 0, 0, 0, 2, 2, 5, 0, 0, 0, 0, 0, 9, 0, 0, 3, 0, 0, 0, 0, 0, 0, 0, 0, 0, 0, 0, 0, 0, 0, 0, 0, 0, 0, 0, 0, 0, 0, 0, 0, 0, 0, 0, 0, 0, 0, 0, 0, 0, 0, 0, 0, 0, 0, 0, 0, 0, 0, 0, 0, 0, 0, 0, 0, 0, 0, 0, 0, 0, 0, 0, 0, 0, 0, 0, 0, 0, 0, 0, 0, 0, 0, 0, 0, 0, 0, 0, 0, 0, 0, 0, 0, 0, 0, 0, 0, 0, 0, 0, 0, 0, 0, 0, 0, 0, 0]",,,no
37,217227068,"[1, 94, 107, 41, 41, 0, 0, 75, 36, 43, 43, 47, 116, 30, 21, 133, 433, 61, 45, 82, 1, 34, 72, 50, 0, 4, 4, 94, 290, 176, 29, 19, 2, 7, 56, 4, 15, 15, 32, 8, 5, 240, 240, 27, 22, 19, 0, 0, 65, 4, 4, 0, 12, 1, 1, 0, 0, 1, 0, 265, 48, 14, 4, 120, 15, 1, 31, 22, 49, 105, 1, 0, 0, 0, 3, 51, 0, 0, 56, 0, 0, 0, 0, 0, 0, 0, 0, 1, 31, 0, 0, 0, 1, 0, 10, 32, 0, 0, 0, 61, 0, 0, 0, 27, 0, 0, 0, 0, 0, 0, 0, 0, 0, 0, 0, 0, 0, 0, 0, 0, 1, 2, 1, 0, 0, 23, 0, 0, 0, 0, 0, 0, 0, 0, 0, 2, 0, 0, 0, 0, 0, 0, 0, 0, 64, 0, 0, 0, 0, 0, 0, 0, 0, 0, 0, 0, 0, 0, 0, 0, 0, 0, 0, 0, 0, 0, 0, 0, 0]",,,yes
38,220589686,"[1, 21, 38, 40, 40, 0, 0, 4, 8, 3, 3, 62, 112, 13, 13, 140, 84, 27, 2, 19, 0, 96, 105, 124, 0, 0, 0, 30, 27, 22, 24, 24, 5, 2, 2, 139, 20, 20, 1, 42, 8, 65, 65, 8, 94, 3, 23, 7, 37, 0, 0, 8, 5, 3, 3, 10, 10, 0, 14, 76, 4, 11, 4, 17, 2, 0, 1, 101, 2, 20, 0, 0, 0, 0, 0, 3, 0, 0, 18, 0, 3, 2, 0, 0, 6, 0, 72, 1, 0, 11, 11, 1, 0, 0, 3, 23, 11, 5, 0, 6, 1, 0, 0, 6, 64, 64, 0, 0, 1, 3, 0, 0, 0, 0, 0, 0, 0, 0, 0, 0, 6, 0, 0, 0, 0, 1, 0, 0, 3, 0, 0, 0, 0, 0, 0, 24, 0, 0, 0, 0, 0, 0, 0, 1, 51, 7, 0, 3, 0, 0, 0, 0, 1, 0, 0, 0, 0, 7, 0, 0, 0, 0, 0, 0, 0, 0, 0, 0, 0]",,,yes
39,224520392,"[1, 2, 1, 2, 2, 0, 0, 2, 13, 0, 0, 2, 4, 25, 0, 17, 2, 0, 0, 0, 0, 0, 3, 0, 0, 0, 0, 0, 0, 0, 0, 0, 0, 1, 0, 0, 0, 0, 0, 0, 0, 2, 2, 0, 0, 0, 0, 0, 0, 0, 0, 0, 1, 0, 0, 0, 0, 0, 0, 0, 0, 0, 1, 0, 10, 0, 2, 1, 0, 0, 14, 0, 0, 0, 19, 0, 0, 0, 0, 0, 0, 0, 0, 0, 0, 0, 0, 0, 0, 0, 0, 0, 0, 0, 0, 0, 0, 0, 0, 0, 0, 0, 0, 0, 0, 0, 0, 0, 0, 0, 0, 0, 0, 0, 0, 0, 0, 0, 0, 0, 0, 8, 0, 0, 0, 0, 0, 0, 0, 0, 0, 0, 0, 0, 0, 0, 0, 0, 0, 0, 0, 0, 0, 0, 0, 0, 0, 0, 0, 0, 0, 0, 0, 0, 0, 0, 0, 0, 0, 0, 0, 0, 0, 0, 0, 0, 0, 0, 0]",,,no
40,227184935,"[1, 3, 3, 0, 0, 0, 0, 0, 0, 3, 3, 1, 0, 0, 0, 0, 1, 0, 0, 2, 0, 0, 2, 0, 2, 0, 0, 2, 4, 3, 1, 0, 0, 0, 0, 0, 0, 0, 0, 0, 0, 0, 0, 0, 0, 0, 0, 0, 0, 1, 1, 1, 0, 0, 0, 0, 0, 0, 0, 0, 0, 0, 2, 0, 2, 0, 0, 0, 0, 2, 0, 0, 0, 0, 0, 0, 0, 0, 2, 0, 0, 0, 0, 0, 0, 0, 0, 0, 0, 0, 0, 0, 0, 0, 0, 0, 0, 0, 0, 0, 0, 0, 0, 0, 0, 0, 0, 0, 0, 0, 0, 0, 0, 0, 0, 0, 0, 0, 0, 0, 0, 0, 1, 0, 0, 0, 0, 0, 0, 0, 0, 0, 0, 0, 0, 0, 0, 0, 0, 0, 0, 0, 0, 0, 8, 0, 0, 0, 0, 0, 0, 0, 0, 0, 0, 0, 0, 0, 0, 0, 0, 0, 0, 0, 0, 0, 0, 0, 0]",,,no
41,228188603,"[1, 71, 80, 211, 211, 0, 0, 72, 273, 4, 4, 66, 197, 59, 49, 562, 232, 0, 0, 17, 0, 299, 289, 5, 0, 16, 16, 61, 163, 121, 110, 27, 1, 1, 4, 171, 128, 128, 230, 60, 4, 309, 309, 5, 56, 0, 157, 32, 31, 10, 10, 36, 23, 14, 14, 21, 21, 0, 257, 127, 67, 32, 16, 49, 3, 0, 15, 96, 4, 53, 12, 0, 0, 0, 22, 22, 0, 0, 49, 0, 0, 85, 403, 0, 6, 164, 19, 14, 1, 0, 0, 0, 2, 1, 17, 136, 4, 0, 198, 39, 14, 6, 0, 39, 0, 0, 21, 17, 0, 0, 0, 0, 3, 0, 0, 0, 0, 0, 0, 0, 3, 15, 0, 0, 0, 7, 9, 0, 0, 24, 4, 0, 0, 4, 0, 32, 0, 0, 0, 0, 0, 0, 2, 0, 0, 0, 0, 30, 8, 0, 0, 0, 0, 0, 0, 0, 0, 0, 0, 0, 0, 0, 0, 0, 0, 0, 0, 0, 0]",,,yes
42,229401916,"[1, 7, 12, 0, 0, 0, 0, 0, 0, 0, 0, 12, 3, 3, 0, 0, 7, 0, 0, 3, 0, 0, 6, 0, 0, 1, 1, 3, 0, 0, 4, 1, 0, 0, 0, 0, 6, 6, 0, 0, 0, 0, 0, 4, 0, 3, 0, 1, 0, 1, 1, 2, 7, 0, 0, 0, 0, 0, 0, 0, 0, 0, 0, 0, 0, 0, 3, 0, 0, 3, 0, 0, 0, 0, 0, 0, 0, 0, 3, 0, 0, 0, 0, 0, 0, 0, 0, 0, 0, 0, 0, 0, 0, 1, 0, 0, 0, 0, 0, 0, 0, 0, 0, 0, 0, 0, 0, 0, 0, 0, 0, 0, 0, 0, 0, 0, 0, 0, 0, 0, 0, 0, 0, 0, 0, 0, 0, 0, 0, 0, 0, 0, 0, 0, 0, 0, 0, 0, 0, 0, 0, 0, 0, 0, 0, 0, 0, 0, 0, 0, 0, 0, 0, 0, 0, 0, 0, 0, 0, 0, 0, 0, 0, 0, 0, 0, 0, 0, 0]",,,no
43,229442017,"[1, 40, 53, 6, 6, 0, 0, 35, 13, 3, 3, 28, 71, 17, 2, 55, 88, 0, 0, 119, 1, 11, 94, 2, 0, 8, 8, 29, 85, 38, 6, 24, 8, 0, 0, 11, 44, 44, 8, 7, 33, 28, 28, 13, 34, 0, 9, 4, 18, 14, 14, 28, 22, 0, 0, 0, 0, 4, 0, 159, 19, 6, 5, 29, 0, 5, 7, 11, 2, 22, 0, 0, 0, 0, 0, 3, 0, 0, 20, 0, 0, 0, 0, 0, 0, 0, 9, 0, 0, 11, 11, 0, 0, 9, 0, 3, 4, 14, 0, 2, 0, 0, 0, 2, 0, 0, 0, 0, 0, 0, 0, 0, 0, 0, 0, 0, 0, 0, 0, 0, 0, 0, 0, 0, 0, 10, 0, 0, 0, 0, 0, 0, 0, 0, 0, 0, 0, 0, 0, 0, 0, 0, 0, 0, 0, 0, 0, 0, 0, 0, 0, 0, 0, 0, 3, 0, 0, 0, 0, 0, 0, 0, 0, 0, 0, 0, 0, 0, 0]",,,yes
44,230005901,"[1, 1, 4, 7, 7, 0, 0, 1, 5, 2, 2, 3, 29, 6, 0, 2, 1, 0, 0, 2, 1, 4, 17, 0, 16, 0, 0, 11, 2, 2, 1, 1, 0, 1, 4, 1, 0, 0, 0, 0, 16, 2, 2, 0, 1, 0, 0, 0, 1, 0, 0, 0, 2, 1, 1, 0, 0, 0, 0, 1, 0, 0, 0, 1, 0, 0, 5, 1, 0, 0, 0, 0, 0, 0, 0, 7, 0, 0, 0, 0, 0, 0, 0, 0, 0, 0, 1, 1, 0, 0, 0, 0, 1, 0, 1, 3, 0, 0, 0, 0, 0, 0, 0, 0, 0, 0, 0, 0, 1, 0, 0, 0, 0, 0, 0, 0, 0, 0, 0, 0, 1, 0, 1, 0, 0, 0, 0, 0, 0, 0, 0, 0, 0, 0, 0, 0, 0, 0, 0, 0, 0, 0, 0, 0, 10, 0, 0, 0, 0, 0, 0, 0, 0, 0, 0, 0, 0, 0, 0, 0, 0, 0, 0, 0, 0, 0, 0, 0, 0]",,,yes
45,230266044,"[1, 3, 4, 23, 23, 0, 0, 14, 18, 0, 0, 2, 110, 50, 9, 64, 3, 0, 0, 1, 0, 24, 69, 0, 0, 0, 0, 38, 2, 0, 2, 1, 2, 0, 14, 27, 0, 0, 91, 15, 5, 8, 8, 0, 41, 0, 134, 23, 6, 0, 0, 5, 19, 0, 0, 24, 24, 3, 82, 5, 0, 0, 0, 4, 0, 0, 0, 25, 1, 1, 0, 0, 0, 0, 0, 0, 0, 0, 0, 0, 0, 37, 97, 0, 3, 612, 1, 0, 1, 0, 0, 0, 2, 0, 0, 150, 22, 0, 0, 3, 3, 8, 11, 2, 0, 0, 18, 2, 0, 29, 2, 2, 7, 13, 33, 34, 18, 5, 0, 0, 0, 30, 0, 0, 0, 0, 4, 5, 13, 2, 1, 2, 5, 10, 0, 1, 0, 0, 0, 0, 0, 0, 0, 0, 0, 0, 0, 0, 0, 0, 0, 0, 0, 0, 0, 0, 0, 0, 0, 0, 0, 0, 0, 0, 0, 0, 0, 0, 0]",,,yes
46,230452516,"[1, 6, 29, 4, 4, 0, 0, 0, 2, 0, 0, 19, 14, 4, 0, 0, 16, 0, 0, 8, 0, 0, 23, 0, 12, 0, 0, 10, 3, 4, 1, 6, 0, 0, 4, 0, 8, 8, 0, 0, 10, 17, 17, 0, 0, 0, 0, 0, 0, 0, 0, 4, 12, 0, 0, 0, 0, 4, 0, 0, 0, 0, 0, 0, 0, 0, 0, 1, 1, 1, 0, 0, 0, 0, 0, 0, 0, 0, 0, 0, 0, 0, 0, 0, 0, 0, 0, 0, 0, 0, 0, 0, 0, 0, 0, 3, 0, 0, 0, 0, 0, 0, 0, 0, 0, 0, 0, 0, 0, 0, 0, 0, 0, 0, 0, 0, 0, 0, 0, 0, 0, 0, 0, 0, 0, 0, 0, 0, 0, 0, 0, 0, 0, 0, 0, 0, 0, 0, 0, 0, 0, 0, 0, 0, 0, 0, 0, 0, 0, 0, 0, 0, 0, 0, 0, 0, 0, 0, 0, 0, 0, 0, 0, 0, 0, 0, 0, 0, 0]",,,yes
47,230676126,"[1, 3, 3, 0, 0, 0, 0, 2, 1, 0, 0, 2, 0, 0, 0, 2, 3, 0, 0, 0, 0, 0, 2, 0, 0, 0, 0, 3, 4, 3, 0, 1, 1, 0, 4, 0, 3, 3, 0, 0, 0, 3, 3, 0, 0, 0, 0, 0, 2, 0, 0, 0, 0, 1, 1, 0, 0, 0, 0, 1, 0, 0, 1, 2, 0, 0, 0, 0, 0, 0, 0, 0, 0, 0, 0, 0, 0, 0, 0, 0, 0, 0, 0, 0, 0, 0, 0, 0, 0, 0, 0, 0, 0, 0, 1, 0, 0, 0, 0, 0, 0, 0, 0, 0, 0, 0, 0, 0, 0, 0, 0, 0, 0, 0, 0, 0, 0, 0, 0, 0, 1, 0, 0, 0, 0, 0, 0, 0, 0, 0, 0, 0, 0, 0, 0, 0, 0, 0, 0, 0, 0, 0, 0, 0, 0, 0, 0, 0, 0, 0, 0, 0, 0, 0, 0, 0, 0, 0, 0, 0, 0, 0, 0, 0, 0, 0, 0, 0, 0]",,,no
48,235629891,"[1, 6, 7, 11, 11, 0, 0, 18, 40, 3, 3, 10, 167, 63, 7, 209, 4, 0, 0, 1, 0, 38, 83, 2, 0, 0, 0, 28, 7, 12, 11, 5, 5, 0, 1, 48, 0, 0, 155, 51, 1, 43, 43, 0, 50, 0, 86, 63, 39, 0, 0, 0, 21, 30, 30, 27, 27, 0, 100, 0, 11, 8, 0, 0, 0, 1, 5, 41, 3, 10, 0, 0, 0, 0, 0, 13, 0, 0, 7, 0, 0, 32, 118, 0, 1, 336, 5, 14, 0, 0, 0, 0, 0, 0, 4, 144, 14, 0, 57, 26, 0, 7, 8, 18, 8, 8, 3, 8, 0, 0, 0, 36, 7, 10, 4, 3, 4, 9, 0, 0, 4, 25, 0, 0, 0, 0, 18, 0, 30, 11, 0, 0, 0, 3, 0, 0, 0, 0, 0, 0, 0, 0, 0, 0, 0, 0, 0, 7, 0, 0, 0, 0, 0, 0, 0, 0, 0, 0, 0, 0, 0, 0, 0, 0, 0, 0, 0, 0, 0]",,,no
49,236617264,"[1, 3, 3, 1, 1, 0, 0, 0, 0, 0, 0, 3, 7, 4, 0, 0, 2, 0, 0, 0, 0, 1, 3, 2, 0, 0, 0, 3, 2, 1, 1, 0, 0, 0, 2, 1, 3, 3, 0, 0, 1, 3, 3, 0, 2, 0, 0, 0, 3, 0, 0, 0, 2, 0, 0, 0, 0, 0, 0, 0, 0, 0, 0, 0, 0, 0, 1, 2, 0, 0, 0, 0, 0, 0, 0, 0, 0, 0, 0, 0, 0, 0, 0, 0, 0, 0, 0, 0, 0, 0, 0, 0, 0, 0, 0, 0, 0, 0, 0, 0, 0, 0, 0, 0, 0, 0, 0, 0, 1, 1, 0, 0, 0, 0, 0, 0, 0, 0, 0, 0, 0, 0, 0, 0, 0, 0, 0, 0, 0, 0, 0, 0, 0, 0, 0, 0, 0, 0, 0, 0, 0, 0, 0, 0, 0, 0, 0, 0, 0, 0, 0, 0, 0, 0, 0, 0, 0, 0, 0, 0, 0, 0, 0, 0, 0, 0, 0, 0, 0]",,,yes
50,237083846,"[1, 17, 18, 23, 23, 0, 0, 2, 13, 0, 0, 27, 57, 0, 0, 94, 40, 10, 0, 1, 0, 0, 85, 32, 0, 0, 0, 46, 44, 29, 4, 0, 0, 0, 3, 51, 15, 15, 0, 0, 3, 70, 70, 0, 15, 2, 0, 0, 11, 0, 0, 0, 0, 0, 0, 15, 15, 0, 17, 25, 4, 1, 0, 13, 0, 0, 2, 15, 1, 4, 1, 0, 0, 0, 1, 1, 0, 0, 3, 0, 0, 0, 0, 0, 0, 6, 32, 0, 0, 0, 0, 0, 0, 0, 0, 0, 0, 0, 0, 0, 0, 0, 0, 0, 0, 0, 0, 0, 1, 0, 0, 4, 0, 0, 0, 0, 0, 0, 0, 0, 0, 0, 0, 0, 0, 0, 0, 0, 0, 0, 0, 0, 0, 0, 0, 0, 0, 0, 0, 0, 0, 1, 0, 0, 0, 0, 0, 0, 0, 0, 0, 0, 0, 0, 0, 0, 0, 0, 0, 0, 0, 0, 0, 0, 0, 0, 0, 0, 0]",,,yes
51,237183423,"[1, 41, 43, 5, 5, 0, 0, 0, 0, 0, 0, 41, 39, 32, 0, 4, 2, 1, 1, 0, 0, 1, 75, 1, 0, 0, 0, 40, 40, 38, 0, 6, 0, 0, 0, 0, 69, 69, 0, 0, 0, 0, 0, 1, 0, 27, 0, 0, 3, 0, 0, 1, 0, 0, 0, 0, 0, 0, 0, 14, 5, 0, 0, 2, 0, 0, 0, 0, 4, 37, 0, 0, 0, 0, 0, 0, 0, 0, 33, 0, 0, 0, 0, 0, 0, 0, 1, 0, 1, 0, 0, 0, 1, 0, 0, 0, 0, 0, 0, 0, 0, 0, 0, 0, 0, 0, 0, 0, 0, 0, 0, 0, 0, 0, 0, 0, 0, 0, 0, 0, 0, 0, 0, 0, 0, 7, 0, 0, 0, 0, 0, 0, 0, 0, 0, 0, 0, 0, 0, 0, 0, 0, 0, 0, 0, 0, 0, 0, 0, 0, 0, 0, 0, 0, 1, 0, 0, 0, 0, 0, 0, 0, 0, 0, 0, 0, 0, 0, 0]",,,yes
52,237780368,"[1, 19, 28, 37, 37, 1, 1, 25, 2, 2, 2, 41, 8, 23, 8, 19, 65, 10, 8, 11, 0, 13, 63, 0, 0, 19, 19, 7, 49, 28, 16, 0, 3, 2, 4, 9, 43, 43, 0, 0, 2, 57, 57, 1, 21, 1, 0, 0, 25, 14, 14, 19, 23, 7, 7, 0, 0, 7, 0, 41, 1, 0, 1, 22, 0, 0, 11, 0, 0, 12, 0, 0, 0, 0, 0, 0, 0, 0, 12, 0, 0, 0, 0, 0, 3, 0, 0, 2, 1, 0, 0, 5, 0, 0, 6, 0, 0, 0, 0, 0, 0, 0, 0, 0, 13, 13, 0, 0, 0, 0, 0, 0, 0, 0, 0, 0, 0, 0, 0, 0, 0, 0, 0, 0, 0, 0, 0, 0, 0, 0, 0, 0, 0, 0, 0, 7, 0, 0, 0, 0, 0, 0, 0, 0, 0, 0, 7, 0, 0, 0, 0, 0, 0, 0, 0, 0, 0, 0, 0, 0, 0, 0, 0, 0, 0, 0, 0, 0, 0]",,,yes
53,239505974,"[1, 11, 11, 0, 0, 2, 2, 0, 0, 1, 1, 0, 0, 0, 0, 0, 21, 0, 0, 0, 0, 0, 0, 0, 0, 0, 0, 7, 18, 10, 0, 1, 2, 0, 2, 0, 0, 0, 0, 0, 2, 15, 15, 0, 0, 0, 0, 0, 0, 0, 0, 2, 0, 0, 0, 0, 0, 0, 0, 11, 10, 0, 0, 2, 33, 0, 0, 0, 2, 3, 0, 0, 0, 0, 0, 0, 0, 0, 1, 0, 0, 0, 0, 0, 0, 0, 0, 0, 0, 0, 0, 0, 0, 1, 0, 0, 0, 0, 0, 0, 0, 0, 0, 0, 0, 0, 0, 0, 0, 0, 0, 0, 0, 0, 0, 0, 0, 0, 0, 0, 0, 0, 0, 0, 0, 0, 0, 0, 0, 0, 0, 0, 0, 0, 0, 0, 0, 0, 0, 0, 0, 0, 0, 0, 0, 0, 0, 0, 0, 0, 0, 0, 0, 0, 0, 0, 0, 0, 0, 0, 0, 0, 0, 0, 0, 0, 0, 0, 0]",,,no
54,241939703,"[1, 8, 10, 0, 0, 0, 0, 0, 0, 4, 4, 9, 1, 1, 0, 0, 10, 0, 0, 0, 0, 0, 0, 0, 0, 0, 0, 0, 1, 1, 0, 0, 0, 0, 0, 0, 0, 0, 0, 0, 0, 0, 0, 0, 0, 0, 0, 0, 0, 1, 1, 0, 1, 0, 0, 0, 0, 3, 0, 0, 1, 0, 0, 0, 3, 0, 4, 0, 0, 3, 0, 0, 0, 0, 0, 0, 0, 0, 3, 0, 0, 0, 0, 0, 0, 0, 0, 0, 0, 0, 0, 0, 0, 0, 0, 0, 0, 0, 0, 0, 0, 0, 0, 0, 0, 0, 0, 0, 0, 0, 0, 0, 0, 0, 0, 0, 0, 0, 0, 0, 0, 0, 0, 0, 0, 0, 0, 0, 0, 0, 0, 0, 0, 0, 0, 0, 0, 0, 0, 0, 0, 0, 0, 0, 0, 0, 0, 0, 0, 0, 0, 0, 0, 0, 0, 0, 0, 0, 0, 0, 0, 0, 0, 0, 0, 0, 0, 0, 0]",,,no
55,244880412,"[1, 3, 8, 0, 0, 0, 0, 0, 0, 0, 0, 7, 1, 2, 0, 0, 2, 0, 0, 0, 0, 0, 4, 0, 0, 1, 1, 0, 0, 0, 0, 3, 2, 0, 0, 0, 4, 4, 0, 0, 0, 0, 0, 0, 0, 0, 0, 0, 0, 0, 0, 1, 2, 0, 0, 0, 0, 0, 0, 1, 0, 0, 0, 1, 0, 0, 2, 0, 0, 1, 0, 0, 0, 0, 0, 0, 0, 0, 1, 0, 0, 0, 0, 0, 0, 0, 0, 0, 0, 0, 0, 0, 0, 1, 0, 0, 0, 0, 0, 0, 0, 0, 0, 0, 0, 0, 0, 0, 0, 0, 0, 0, 0, 0, 0, 0, 0, 0, 0, 0, 0, 0, 0, 0, 0, 0, 0, 0, 0, 0, 0, 0, 0, 0, 0, 0, 0, 0, 0, 0, 0, 0, 0, 0, 0, 0, 0, 0, 0, 0, 0, 0, 0, 0, 0, 0, 0, 0, 0, 0, 0, 0, 0, 0, 0, 0, 0, 0, 0]",,,no
56,244881173,"[1, 9, 12, 9, 9, 0, 0, 3, 0, 0, 0, 11, 4, 18, 1, 6, 14, 0, 0, 1, 0, 4, 37, 2, 0, 6, 6, 10, 12, 12, 7, 3, 3, 0, 3, 1, 29, 29, 0, 2, 2, 1, 1, 2, 2, 0, 0, 0, 8, 4, 4, 6, 17, 8, 8, 0, 0, 2, 0, 2, 0, 0, 0, 6, 0, 0, 1, 5, 0, 0, 0, 0, 0, 0, 0, 0, 0, 0, 0, 0, 0, 0, 0, 0, 0, 0, 2, 25, 0, 0, 0, 0, 0, 0, 9, 1, 0, 0, 0, 0, 0, 0, 0, 0, 2, 2, 0, 0, 1, 1, 0, 0, 0, 0, 0, 0, 0, 0, 0, 0, 1, 0, 0, 0, 0, 0, 0, 0, 1, 0, 0, 0, 0, 0, 0, 0, 0, 0, 0, 0, 0, 0, 0, 0, 0, 0, 0, 0, 0, 0, 0, 0, 0, 2, 0, 0, 0, 0, 0, 0, 0, 0, 0, 0, 0, 0, 0, 0, 0]",,,yes
57,245819771,"[1, 12, 6, 5, 5, 0, 0, 2, 2, 1, 1, 4, 15, 8, 7, 24, 1, 0, 0, 1, 0, 0, 30, 0, 0, 2, 2, 21, 6, 8, 7, 6, 0, 0, 4, 0, 11, 11, 0, 1, 4, 5, 5, 2, 2, 0, 2, 0, 3, 0, 0, 2, 0, 0, 0, 4, 4, 0, 4, 23, 5, 0, 0, 5, 0, 0, 1, 0, 4, 8, 0, 1, 1, 1, 0, 4, 1, 1, 4, 0, 0, 0, 0, 0, 0, 0, 1, 0, 2, 0, 0, 0, 0, 0, 0, 0, 0, 0, 0, 0, 0, 0, 0, 0, 0, 0, 0, 0, 0, 0, 0, 0, 0, 0, 0, 0, 0, 0, 0, 0, 4, 0, 0, 0, 0, 3, 0, 0, 0, 0, 0, 0, 0, 0, 0, 0, 0, 0, 0, 0, 0, 0, 0, 0, 0, 0, 0, 0, 0, 0, 0, 0, 0, 0, 0, 0, 0, 0, 0, 0, 0, 0, 0, 0, 0, 0, 0, 0, 0]",,,yes
58,248252461,"[1, 5, 5, 4, 4, 0, 0, 0, 1, 0, 0, 3, 3, 4, 1, 0, 5, 1, 0, 2, 0, 0, 7, 0, 0, 1, 1, 4, 5, 6, 2, 3, 2, 0, 0, 0, 6, 6, 0, 1, 0, 0, 0, 0, 0, 0, 0, 0, 3, 2, 2, 5, 2, 2, 2, 0, 0, 0, 0, 3, 0, 0, 0, 2, 0, 1, 0, 2, 2, 4, 0, 0, 0, 0, 0, 0, 0, 0, 2, 0, 0, 0, 0, 0, 0, 0, 0, 4, 1, 0, 0, 0, 0, 0, 2, 2, 0, 0, 0, 0, 0, 0, 0, 0, 1, 1, 0, 0, 0, 0, 0, 0, 0, 0, 0, 0, 0, 0, 0, 0, 1, 0, 0, 0, 0, 0, 0, 0, 0, 0, 0, 0, 0, 0, 0, 0, 0, 0, 0, 0, 0, 0, 0, 0, 0, 0, 0, 0, 0, 0, 0, 0, 0, 0, 0, 0, 0, 0, 0, 0, 0, 0, 0, 0, 0, 0, 0, 0, 0]",,,no
59,248700085,"[1, 9, 2, 3, 3, 0, 0, 0, 2, 6, 6, 0, 13, 8, 5, 22, 0, 2, 2, 1, 0, 0, 25, 0, 0, 0, 0, 20, 19, 8, 1, 0, 0, 0, 4, 0, 9, 9, 0, 1, 4, 2, 2, 0, 2, 0, 2, 0, 4, 0, 0, 0, 0, 0, 0, 4, 4, 0, 4, 33, 0, 0, 0, 2, 0, 0, 1, 0, 0, 3, 0, 0, 0, 0, 0, 3, 0, 0, 3, 0, 0, 0, 0, 0, 0, 0, 1, 0, 2, 0, 0, 0, 0, 0, 0, 0, 0, 0, 0, 0, 0, 0, 0, 0, 0, 0, 0, 0, 0, 0, 0, 0, 0, 0, 0, 0, 0, 0, 0, 0, 0, 0, 0, 0, 0, 0, 0, 0, 0, 0, 0, 0, 0, 0, 0, 0, 0, 0, 0, 0, 0, 0, 0, 0, 0, 0, 0, 0, 0, 0, 0, 0, 0, 0, 0, 0, 0, 0, 0, 0, 0, 0, 0, 0, 0, 0, 0, 0, 0]",,,yes
60,248979082,"[1, 7, 21, 8, 8, 3, 3, 1, 0, 3, 3, 15, 2, 4, 0, 0, 22, 0, 0, 2, 0, 4, 6, 0, 1, 0, 0, 2, 13, 7, 0, 0, 0, 2, 1, 0, 2, 2, 0, 0, 1, 0, 0, 0, 0, 0, 0, 0, 0, 1, 1, 0, 0, 2, 2, 0, 0, 0, 0, 0, 0, 0, 0, 0, 0, 0, 11, 0, 3, 3, 0, 0, 0, 0, 0, 0, 0, 0, 0, 0, 0, 0, 0, 0, 0, 0, 0, 2, 0, 0, 0, 0, 0, 0, 4, 2, 0, 0, 0, 0, 0, 0, 0, 0, 0, 0, 0, 0, 0, 0, 0, 0, 0, 0, 0, 0, 0, 0, 0, 0, 0, 0, 0, 0, 0, 0, 0, 0, 0, 0, 0, 0, 0, 0, 0, 0, 0, 0, 0, 0, 0, 0, 0, 0, 0, 0, 0, 0, 0, 0, 0, 0, 0, 0, 0, 0, 0, 0, 0, 0, 0, 0, 0, 0, 0, 0, 0, 0, 0]",,,no
61,249409949,"[1, 4, 0, 0, 0, 0, 0, 1, 0, 0, 0, 0, 0, 0, 0, 0, 20, 0, 0, 0, 0, 0, 0, 0, 0, 0, 0, 0, 0, 0, 0, 0, 0, 0, 0, 0, 0, 0, 0, 0, 0, 0, 0, 2, 0, 0, 0, 0, 0, 0, 0, 0, 1, 0, 0, 0, 0, 6, 0, 0, 0, 0, 0, 0, 0, 0, 0, 0, 0, 22, 0, 0, 0, 0, 0, 0, 0, 0, 22, 0, 0, 0, 0, 0, 0, 0, 0, 0, 0, 0, 0, 0, 0, 0, 0, 0, 0, 0, 0, 0, 0, 0, 0, 0, 0, 0, 0, 0, 0, 0, 0, 0, 0, 0, 0, 0, 0, 0, 0, 0, 0, 0, 0, 0, 0, 1, 0, 0, 0, 0, 0, 0, 0, 0, 0, 0, 0, 0, 0, 0, 0, 0, 0, 0, 0, 0, 0, 0, 0, 0, 0, 0, 0, 0, 0, 0, 0, 0, 0, 0, 0, 0, 0, 0, 0, 0, 0, 0, 0]",,,no
62,250694050,"[1, 59, 65, 0, 0, 0, 0, 15, 14, 50, 50, 2, 7, 17, 1, 156, 11, 0, 0, 0, 0, 0, 79, 64, 0, 0, 0, 72, 130, 129, 6, 0, 1, 3, 1, 65, 1, 1, 1, 0, 0, 33, 33, 1, 0, 5, 1, 2, 5, 0, 0, 0, 16, 1, 1, 0, 0, 0, 5, 10, 0, 0, 53, 18, 1, 0, 5, 6, 1, 1, 0, 0, 0, 0, 0, 0, 0, 0, 0, 0, 0, 0, 0, 0, 2, 0, 64, 5, 0, 0, 0, 0, 0, 0, 1, 3, 0, 0, 0, 1, 0, 0, 0, 0, 0, 0, 1, 0, 0, 0, 0, 0, 0, 0, 0, 0, 0, 0, 0, 0, 0, 0, 0, 0, 0, 0, 0, 0, 0, 0, 0, 0, 0, 0, 0, 3, 0, 0, 0, 0, 0, 0, 0, 0, 144, 0, 0, 0, 0, 0, 0, 0, 0, 0, 0, 0, 0, 0, 0, 0, 0, 0, 0, 0, 0, 0, 0, 0, 0]",,,no
63,250872512,"[1, 42, 40, 0, 0, 4, 4, 4, 0, 29, 29, 36, 0, 0, 0, 0, 45, 0, 0, 0, 0, 0, 36, 0, 0, 3, 3, 27, 247, 57, 0, 0, 0, 0, 2, 0, 35, 35, 0, 0, 2, 70, 70, 0, 0, 0, 0, 0, 0, 0, 0, 0, 0, 0, 0, 0, 0, 8, 0, 0, 0, 0, 16, 0, 6, 0, 0, 0, 0, 0, 0, 0, 0, 0, 0, 0, 0, 0, 0, 0, 0, 0, 0, 0, 0, 0, 0, 0, 0, 0, 0, 0, 0, 0, 0, 0, 0, 0, 0, 0, 0, 0, 0, 0, 0, 0, 0, 0, 0, 0, 0, 0, 0, 0, 0, 0, 0, 0, 0, 0, 0, 0, 0, 0, 0, 0, 0, 0, 0, 0, 0, 0, 0, 0, 0, 0, 0, 0, 0, 0, 0, 0, 0, 0, 282, 0, 0, 0, 0, 0, 0, 0, 0, 0, 0, 0, 0, 0, 0, 0, 0, 0, 0, 0, 0, 0, 0, 0, 0]",,,yes
64,251056994,"[1, 1, 2, 0, 0, 0, 0, 0, 0, 11, 11, 2, 0, 0, 0, 0, 11, 0, 0, 0, 0, 0, 0, 0, 0, 1, 1, 0, 0, 0, 0, 0, 0, 0, 0, 0, 0, 0, 0, 0, 0, 6, 6, 0, 0, 0, 0, 0, 0, 0, 0, 0, 0, 0, 0, 0, 0, 2, 0, 0, 0, 0, 0, 0, 0, 0, 1, 0, 0, 0, 0, 0, 0, 0, 0, 0, 0, 0, 0, 0, 0, 0, 0, 0, 0, 0, 0, 0, 0, 0, 0, 0, 0, 0, 0, 0, 0, 0, 0, 0, 0, 0, 0, 0, 0, 0, 0, 0, 0, 0, 0, 0, 7, 0, 0, 0, 0, 0, 0, 0, 0, 0, 0, 0, 0, 0, 0, 0, 0, 0, 0, 0, 0, 0, 0, 0, 0, 0, 0, 0, 0, 0, 1, 0, 1, 0, 0, 0, 0, 0, 0, 0, 0, 0, 0, 0, 0, 0, 0, 0, 0, 0, 0, 0, 0, 0, 0, 0, 0]",,,no
65,251449727,"[1, 21, 26, 21, 21, 0, 0, 51, 39, 7, 7, 26, 157, 48, 22, 138, 22, 38, 26, 17, 0, 10, 117, 4, 8, 1, 1, 39, 45, 35, 14, 18, 8, 3, 13, 10, 1, 1, 2, 23, 10, 21, 21, 1, 22, 12, 3, 1, 7, 0, 0, 2, 28, 8, 8, 21, 21, 0, 107, 55, 5, 0, 2, 54, 3, 3, 13, 10, 6, 25, 5, 0, 0, 0, 16, 9, 0, 0, 19, 0, 0, 12, 6, 0, 0, 116, 4, 7, 1, 13, 13, 0, 5, 0, 3, 8, 0, 2, 0, 0, 5, 0, 0, 0, 0, 0, 0, 12, 0, 0, 0, 5, 0, 0, 0, 0, 0, 0, 0, 0, 6, 25, 1, 0, 0, 7, 3, 0, 0, 12, 0, 0, 0, 1, 0, 0, 0, 0, 0, 0, 1, 0, 0, 0, 0, 29, 0, 5, 0, 1, 0, 5, 8, 0, 6, 0, 0, 0, 0, 0, 0, 1, 1, 0, 0, 0, 0, 0, 0]",,,no
66,252148107,"[1, 66, 66, 0, 0, 0, 0, 308, 45, 2, 2, 113, 167, 103, 403, 602, 498, 6, 3, 156, 0, 22, 416, 178, 0, 17, 17, 87, 159, 89, 23, 21, 18, 10, 75, 60, 119, 119, 22, 20, 47, 274, 274, 16, 176, 74, 14, 0, 36, 0, 0, 39, 130, 166, 166, 0, 0, 0, 0, 104, 45, 0, 0, 25, 0, 14, 74, 60, 2, 98, 0, 0, 0, 0, 0, 86, 0, 0, 96, 0, 0, 0, 0, 0, 0, 0, 22, 90, 0, 0, 0, 45, 0, 0, 63, 5, 0, 0, 0, 0, 0, 0, 0, 0, 10, 10, 25, 0, 0, 0, 0, 0, 0, 0, 0, 0, 0, 0, 0, 0, 15, 0, 0, 0, 0, 2, 0, 0, 0, 0, 0, 0, 0, 0, 0, 1, 0, 0, 0, 0, 0, 0, 0, 0, 4, 2, 1, 0, 0, 0, 0, 0, 0, 0, 0, 0, 0, 0, 0, 0, 0, 0, 0, 0, 0, 0, 0, 0, 0]",,,no
67,252292026,"[1, 14, 12, 8, 8, 0, 0, 0, 4, 8, 8, 11, 4, 0, 0, 4, 16, 0, 0, 4, 0, 4, 14, 0, 0, 0, 0, 6, 27, 12, 0, 4, 0, 0, 0, 0, 9, 9, 0, 0, 0, 21, 21, 0, 0, 0, 0, 0, 0, 0, 0, 8, 3, 0, 0, 0, 0, 0, 0, 9, 4, 0, 0, 8, 17, 0, 0, 0, 1, 2, 0, 0, 0, 0, 0, 0, 0, 0, 1, 0, 0, 0, 0, 0, 0, 0, 0, 0, 0, 0, 0, 0, 0, 0, 0, 0, 0, 0, 0, 0, 0, 0, 0, 0, 0, 0, 0, 0, 2, 0, 0, 0, 0, 0, 0, 0, 0, 0, 0, 0, 0, 0, 0, 8, 0, 0, 0, 0, 0, 0, 0, 0, 0, 0, 0, 0, 0, 0, 0, 0, 0, 2, 0, 0, 18, 4, 0, 0, 0, 0, 0, 0, 0, 0, 0, 0, 0, 0, 0, 0, 0, 0, 0, 0, 0, 0, 0, 0, 0]",,,yes
68,252428273,"[1, 9, 15, 0, 0, 0, 0, 0, 0, 0, 0, 1, 139, 0, 0, 114, 0, 2, 13, 0, 0, 0, 114, 0, 0, 0, 0, 0, 1, 1, 0, 0, 0, 0, 0, 0, 0, 0, 0, 0, 0, 5, 5, 0, 0, 0, 0, 0, 0, 0, 0, 0, 13, 0, 0, 0, 0, 9, 0, 23, 0, 0, 0, 15, 0, 0, 0, 0, 1, 1, 0, 0, 0, 0, 0, 0, 0, 0, 0, 0, 0, 0, 0, 0, 0, 0, 0, 0, 0, 0, 0, 0, 0, 0, 0, 0, 0, 0, 0, 0, 0, 0, 0, 0, 0, 0, 0, 0, 0, 0, 0, 0, 0, 0, 0, 0, 0, 0, 0, 0, 0, 0, 0, 0, 0, 0, 0, 0, 0, 0, 0, 0, 0, 0, 0, 0, 0, 0, 0, 0, 0, 0, 0, 0, 0, 0, 0, 0, 0, 0, 0, 0, 0, 0, 0, 0, 0, 0, 0, 0, 0, 0, 0, 0, 0, 0, 0, 0, 0]",,,no
69,253784306,"[1, 8, 11, 0, 0, 0, 0, 4, 3, 11, 11, 9, 0, 0, 2, 8, 32, 0, 0, 2, 0, 0, 3, 1, 0, 0, 0, 15, 19, 16, 6, 0, 0, 2, 0, 0, 1, 1, 1, 0, 0, 31, 31, 2, 2, 3, 1, 2, 3, 0, 0, 0, 10, 1, 1, 0, 0, 0, 0, 14, 9, 0, 0, 8, 3, 0, 1, 0, 8, 20, 0, 0, 0, 0, 0, 6, 0, 0, 12, 0, 0, 0, 0, 0, 3, 0, 1, 0, 4, 0, 0, 1, 0, 0, 2, 2, 0, 1, 0, 0, 0, 0, 0, 0, 0, 0, 0, 0, 0, 0, 0, 0, 0, 0, 0, 0, 0, 0, 0, 0, 0, 0, 0, 2, 0, 2, 0, 0, 0, 0, 0, 0, 0, 0, 0, 3, 0, 0, 0, 0, 0, 0, 0, 2, 0, 2, 0, 0, 0, 0, 0, 0, 0, 0, 0, 0, 0, 0, 0, 0, 0, 0, 0, 0, 0, 0, 0, 0, 0]",,,no
70,254340380,"[1, 22, 24, 0, 0, 8, 8, 24, 0, 14, 15, 30, 2, 7, 0, 6, 114, 2, 2, 9, 0, 6, 26, 0, 1, 9, 9, 37, 81, 43, 25, 21, 0, 1, 0, 0, 17, 17, 0, 0, 1, 93, 93, 4, 6, 26, 0, 0, 0, 0, 0, 9, 2, 0, 0, 0, 0, 2, 0, 88, 10, 0, 0, 30, 0, 0, 6, 2, 8, 32, 0, 0, 0, 0, 0, 2, 0, 0, 24, 0, 0, 0, 0, 1, 0, 0, 0, 0, 0, 0, 0, 0, 0, 0, 0, 0, 0, 0, 0, 0, 0, 0, 0, 0, 0, 0, 0, 0, 0, 0, 0, 0, 0, 0, 0, 0, 0, 0, 0, 0, 0, 0, 0, 0, 0, 22, 0, 0, 0, 0, 0, 0, 0, 0, 0, 0, 0, 0, 0, 0, 0, 0, 0, 0, 22, 0, 0, 0, 0, 0, 0, 0, 0, 0, 0, 0, 0, 0, 0, 0, 0, 0, 0, 0, 0, 0, 0, 0, 0]",,,no
71,255456782,"[1, 1, 1, 0, 0, 0, 0, 0, 0, 0, 0, 0, 0, 0, 0, 0, 4, 0, 0, 0, 0, 0, 0, 0, 0, 0, 0, 0, 0, 0, 0, 0, 0, 0, 0, 0, 0, 0, 0, 0, 0, 0, 0, 0, 0, 0, 0, 0, 0, 0, 0, 0, 0, 0, 0, 0, 0, 0, 0, 0, 0, 0, 0, 0, 5, 0, 0, 0, 0, 0, 0, 0, 0, 0, 0, 0, 0, 0, 0, 0, 0, 0, 0, 0, 0, 0, 0, 0, 0, 0, 0, 0, 0, 0, 0, 0, 0, 0, 0, 0, 0, 0, 0, 0, 0, 0, 0, 0, 0, 0, 0, 0, 0, 0, 0, 0, 0, 0, 0, 0, 0, 0, 0, 0, 0, 0, 0, 0, 0, 0, 0, 0, 0, 0, 0, 0, 0, 0, 0, 0, 0, 0, 0, 0, 0, 0, 0, 0, 0, 0, 0, 0, 0, 0, 0, 0, 0, 0, 0, 0, 0, 0, 0, 0, 0, 0, 0, 0, 0]",,,no
72,255962486,"[1, 19, 2, 20, 20, 0, 0, 3, 0, 15, 15, 48, 1, 12, 0, 0, 0, 0, 0, 2, 0, 0, 35, 0, 13, 0, 0, 12, 107, 27, 0, 4, 4, 0, 0, 0, 2, 2, 0, 0, 2, 0, 0, 5, 0, 0, 0, 0, 0, 0, 0, 11, 11, 0, 0, 1, 1, 3, 1, 0, 0, 0, 9, 0, 2, 4, 0, 0, 0, 1, 0, 0, 0, 0, 0, 0, 0, 0, 1, 0, 0, 1, 0, 0, 0, 0, 0, 0, 0, 0, 0, 0, 0, 2, 0, 0, 0, 0, 0, 0, 1, 0, 0, 0, 0, 0, 0, 0, 0, 0, 0, 0, 0, 0, 0, 0, 0, 0, 0, 0, 0, 0, 0, 1, 0, 0, 0, 0, 0, 0, 0, 0, 0, 0, 0, 0, 0, 0, 0, 0, 0, 0, 0, 0, 176, 0, 0, 0, 0, 0, 0, 0, 0, 0, 0, 0, 0, 0, 0, 0, 0, 0, 0, 0, 0, 0, 0, 0, 0]",,,no
73,256053468,"[1, 43, 44, 0, 0, 0, 0, 5, 14, 9, 9, 30, 2, 22, 0, 0, 30, 0, 1, 27, 0, 0, 30, 0, 1, 1, 1, 39, 106, 46, 0, 36, 1, 0, 0, 0, 29, 29, 0, 0, 0, 17, 17, 2, 0, 0, 0, 0, 0, 0, 0, 39, 0, 0, 0, 0, 0, 19, 0, 104, 1, 0, 11, 28, 38, 0, 8, 0, 0, 2, 0, 0, 0, 0, 0, 12, 0, 0, 2, 0, 0, 0, 0, 0, 0, 0, 0, 0, 0, 0, 0, 0, 1, 29, 0, 0, 0, 0, 0, 0, 0, 0, 0, 0, 0, 0, 0, 0, 1, 0, 0, 0, 1, 1, 0, 1, 0, 0, 0, 0, 0, 0, 0, 2, 0, 0, 0, 0, 0, 0, 0, 0, 0, 0, 0, 0, 0, 0, 0, 0, 0, 0, 0, 0, 0, 0, 0, 0, 0, 0, 0, 0, 0, 1, 0, 0, 1, 0, 1, 0, 0, 0, 0, 0, 0, 0, 0, 0, 0]",,,no
74,256893285,"[1, 5, 5, 0, 0, 0, 0, 1, 0, 0, 0, 4, 3, 0, 0, 0, 1, 0, 0, 0, 0, 0, 2, 1, 0, 0, 0, 2, 5, 2, 0, 0, 0, 0, 3, 0, 2, 2, 0, 0, 2, 0, 0, 4, 0, 2, 0, 0, 0, 0, 0, 0, 1, 0, 0, 0, 0, 7, 0, 1, 3, 0, 0, 0, 3, 0, 0, 0, 0, 2, 0, 0, 0, 0, 0, 0, 0, 0, 2, 0, 0, 0, 0, 0, 0, 0, 2, 0, 1, 0, 0, 0, 0, 4, 0, 0, 0, 0, 0, 2, 0, 0, 0, 1, 0, 0, 0, 0, 0, 0, 0, 0, 0, 0, 0, 0, 0, 0, 0, 0, 0, 0, 0, 0, 0, 0, 0, 0, 0, 0, 0, 0, 0, 0, 0, 0, 0, 0, 0, 0, 0, 0, 0, 0, 0, 0, 0, 0, 0, 0, 0, 0, 0, 0, 0, 0, 0, 0, 0, 0, 0, 0, 0, 0, 0, 0, 0, 0, 0]",,,no
75,258034608,"[1, 5, 2, 0, 0, 0, 0, 3, 0, 0, 0, 3, 0, 0, 0, 0, 7, 0, 0, 0, 0, 0, 4, 0, 0, 0, 0, 1, 5, 2, 0, 0, 0, 0, 0, 0, 0, 0, 0, 0, 0, 1, 1, 3, 0, 0, 0, 0, 2, 0, 0, 0, 0, 0, 0, 0, 0, 2, 0, 0, 1, 0, 1, 0, 0, 0, 0, 0, 1, 2, 0, 0, 0, 0, 0, 0, 0, 0, 1, 0, 0, 6, 0, 0, 0, 0, 0, 0, 0, 0, 0, 0, 0, 0, 0, 0, 0, 0, 0, 0, 0, 0, 0, 0, 0, 0, 0, 0, 0, 0, 0, 0, 0, 0, 0, 0, 0, 0, 0, 0, 0, 0, 0, 0, 0, 0, 3, 0, 0, 0, 0, 0, 0, 0, 0, 0, 0, 0, 0, 0, 0, 0, 0, 0, 0, 0, 0, 6, 0, 0, 0, 0, 0, 0, 0, 0, 0, 0, 0, 0, 0, 0, 0, 0, 0, 0, 0, 0, 0]",,,no
76,260520874,"[1, 60, 71, 5, 5, 0, 0, 5, 5, 3, 3, 68, 29, 2, 0, 6, 35, 14, 3, 10, 0, 0, 19, 0, 9, 0, 0, 103, 282, 189, 9, 46, 7, 0, 0, 0, 5, 5, 2, 0, 0, 51, 51, 3, 0, 2, 0, 1, 2, 0, 0, 7, 1, 0, 0, 0, 0, 4, 0, 432, 71, 0, 31, 57, 18, 0, 5, 1, 4, 6, 13, 0, 0, 0, 13, 0, 0, 0, 2, 0, 0, 0, 0, 0, 0, 0, 0, 0, 0, 0, 0, 0, 0, 0, 0, 3, 0, 0, 0, 0, 0, 0, 0, 0, 0, 0, 0, 0, 0, 0, 0, 0, 0, 0, 0, 0, 0, 0, 0, 0, 3, 0, 0, 0, 0, 1, 0, 0, 0, 0, 0, 0, 0, 0, 0, 33, 0, 0, 0, 0, 0, 0, 0, 0, 0, 0, 0, 0, 0, 0, 6, 0, 0, 0, 0, 0, 0, 0, 0, 0, 0, 0, 0, 0, 0, 0, 3, 3, 0]",,,no
77,261159557,"[1, 24, 48, 0, 0, 0, 0, 0, 44, 2, 2, 0, 66, 0, 0, 44, 0, 0, 0, 0, 0, 0, 0, 0, 0, 0, 0, 69, 41, 45, 0, 0, 0, 0, 0, 0, 0, 0, 0, 0, 0, 0, 0, 0, 0, 0, 0, 0, 0, 0, 0, 0, 0, 0, 0, 0, 0, 0, 0, 1, 22, 0, 24, 22, 0, 0, 0, 0, 0, 0, 0, 0, 0, 0, 0, 0, 0, 0, 0, 0, 0, 0, 0, 0, 0, 0, 0, 0, 0, 0, 0, 0, 0, 0, 0, 0, 0, 0, 0, 0, 0, 0, 0, 0, 0, 0, 0, 0, 0, 0, 0, 0, 0, 0, 0, 0, 0, 0, 0, 0, 0, 0, 1, 0, 0, 0, 0, 0, 0, 0, 0, 0, 0, 0, 0, 0, 0, 0, 0, 0, 0, 0, 0, 0, 61, 0, 0, 0, 0, 0, 0, 0, 0, 0, 0, 0, 0, 0, 0, 0, 0, 0, 0, 0, 0, 0, 0, 0, 0]",,,no
78,262518009,"[1, 78, 89, 41, 41, 0, 0, 69, 25, 36, 36, 32, 116, 30, 19, 135, 415, 60, 45, 76, 1, 23, 72, 26, 0, 4, 4, 94, 241, 159, 24, 19, 2, 7, 56, 4, 13, 13, 20, 8, 5, 228, 228, 26, 10, 13, 0, 0, 65, 4, 4, 0, 8, 1, 1, 0, 0, 0, 0, 251, 43, 12, 4, 111, 0, 1, 29, 10, 52, 103, 1, 0, 0, 0, 3, 43, 0, 0, 51, 0, 0, 0, 0, 0, 0, 0, 0, 1, 31, 0, 0, 0, 3, 0, 4, 20, 0, 0, 0, 37, 0, 0, 0, 15, 0, 0, 0, 0, 0, 0, 0, 0, 0, 0, 0, 0, 0, 0, 0, 0, 1, 2, 1, 0, 0, 21, 0, 0, 0, 0, 0, 0, 0, 0, 0, 3, 0, 0, 0, 0, 0, 0, 0, 0, 51, 0, 0, 0, 0, 0, 0, 0, 0, 0, 0, 0, 0, 0, 0, 0, 0, 0, 0, 0, 0, 0, 0, 0, 0]",,,yes
79,262553695,"[1, 11, 1, 0, 0, 0, 0, 1, 0, 5, 5, 25, 2, 5, 1, 1, 8, 0, 0, 14, 0, 0, 21, 0, 8, 1, 1, 6, 17, 5, 0, 3, 0, 0, 1, 0, 10, 10, 0, 1, 1, 0, 0, 0, 0, 0, 3, 0, 1, 0, 0, 1, 0, 1, 1, 0, 0, 23, 0, 30, 1, 0, 2, 3, 0, 0, 0, 0, 0, 4, 0, 0, 0, 0, 0, 0, 0, 0, 4, 0, 0, 0, 0, 0, 0, 0, 0, 11, 0, 0, 0, 0, 0, 1, 1, 0, 0, 3, 0, 1, 0, 0, 0, 1, 0, 0, 0, 0, 1, 0, 0, 0, 0, 0, 0, 0, 0, 0, 0, 0, 0, 0, 0, 0, 0, 0, 0, 0, 0, 0, 0, 0, 0, 0, 0, 0, 0, 0, 43, 43, 0, 0, 0, 0, 0, 1, 0, 0, 0, 0, 0, 0, 0, 0, 7, 0, 0, 0, 0, 0, 0, 0, 0, 0, 0, 0, 0, 0, 3]",,,no
80,262736816,"[1, 18, 46, 14, 14, 0, 0, 0, 32, 0, 0, 58, 37, 18, 1, 42, 12, 0, 0, 6, 0, 3, 46, 1, 0, 0, 0, 24, 9, 28, 4, 15, 0, 0, 4, 13, 34, 34, 0, 4, 22, 28, 28, 1, 0, 10, 5, 0, 0, 0, 0, 0, 0, 6, 6, 1, 1, 0, 28, 10, 12, 1, 0, 12, 0, 0, 0, 3, 2, 9, 0, 0, 0, 0, 0, 10, 0, 0, 7, 0, 0, 0, 0, 0, 0, 4, 1, 10, 1, 0, 0, 0, 0, 0, 17, 6, 0, 0, 0, 2, 0, 0, 0, 2, 2, 2, 0, 4, 0, 0, 0, 0, 0, 0, 0, 0, 0, 0, 0, 0, 2, 0, 0, 0, 0, 0, 0, 0, 0, 4, 0, 0, 0, 0, 0, 0, 0, 0, 0, 0, 0, 0, 0, 0, 0, 0, 0, 0, 0, 0, 0, 0, 0, 0, 0, 0, 0, 0, 0, 0, 0, 0, 0, 0, 0, 0, 0, 0, 0]",,,yes
81,262832988,"[1, 4, 7, 2, 2, 0, 0, 0, 0, 0, 0, 7, 3, 3, 0, 0, 0, 0, 0, 0, 0, 0, 8, 0, 0, 9, 9, 0, 0, 0, 0, 0, 0, 0, 2, 0, 3, 3, 0, 0, 3, 0, 0, 0, 3, 0, 0, 0, 0, 0, 0, 0, 0, 0, 0, 0, 0, 0, 0, 0, 0, 0, 0, 0, 0, 0, 0, 0, 0, 3, 0, 0, 0, 0, 0, 0, 0, 0, 3, 0, 0, 0, 0, 0, 0, 0, 3, 0, 0, 0, 0, 0, 0, 0, 0, 0, 0, 0, 0, 0, 0, 0, 0, 9, 0, 0, 0, 0, 0, 0, 0, 0, 0, 0, 0, 0, 0, 0, 0, 0, 0, 0, 0, 0, 0, 0, 0, 0, 0, 0, 0, 0, 0, 0, 0, 0, 0, 0, 0, 0, 0, 0, 0, 0, 0, 0, 0, 0, 0, 0, 0, 0, 0, 0, 0, 0, 0, 0, 0, 0, 0, 0, 0, 0, 0, 0, 0, 0, 0]",,,yes
82,262919151,"[1, 3, 7, 0, 0, 0, 0, 1, 0, 1, 2, 2, 0, 0, 0, 0, 4, 0, 0, 1, 0, 1, 1, 1, 0, 0, 0, 1, 3, 3, 0, 2, 0, 0, 1, 0, 2, 2, 0, 0, 2, 2, 2, 0, 1, 0, 0, 0, 1, 0, 0, 1, 4, 2, 2, 0, 0, 3, 0, 0, 0, 0, 0, 0, 0, 0, 0, 0, 0, 2, 0, 0, 0, 0, 0, 1, 0, 0, 2, 0, 0, 0, 0, 1, 0, 0, 0, 2, 0, 0, 0, 0, 0, 0, 2, 0, 0, 0, 0, 3, 0, 0, 0, 3, 2, 2, 0, 0, 0, 0, 0, 0, 0, 0, 0, 0, 0, 0, 0, 0, 0, 0, 0, 0, 0, 0, 0, 0, 0, 0, 0, 0, 0, 0, 0, 0, 0, 0, 0, 0, 0, 0, 0, 0, 0, 0, 0, 0, 0, 0, 0, 0, 0, 0, 0, 0, 0, 0, 0, 0, 0, 0, 0, 0, 0, 0, 0, 0, 0]",,,no
83,263014804,"[1, 2, 1, 2, 2, 0, 0, 0, 0, 0, 0, 2, 3, 0, 0, 6, 3, 0, 0, 0, 0, 0, 8, 0, 0, 0, 0, 0, 0, 0, 0, 0, 0, 0, 0, 0, 0, 0, 0, 0, 0, 0, 0, 0, 0, 0, 0, 0, 0, 0, 0, 0, 0, 0, 0, 0, 0, 1, 0, 4, 0, 0, 0, 4, 5, 0, 0, 0, 0, 0, 2, 0, 0, 0, 5, 0, 0, 0, 0, 0, 0, 0, 0, 0, 0, 0, 0, 0, 0, 0, 0, 0, 0, 0, 0, 0, 0, 0, 0, 0, 0, 0, 0, 0, 0, 0, 0, 0, 0, 0, 0, 0, 0, 0, 0, 0, 0, 0, 0, 0, 0, 0, 0, 0, 0, 0, 0, 0, 0, 0, 0, 0, 0, 0, 0, 0, 0, 0, 0, 0, 0, 0, 0, 0, 0, 0, 0, 0, 0, 0, 0, 0, 0, 0, 0, 0, 0, 0, 0, 0, 0, 0, 0, 0, 0, 0, 0, 0, 0]",,,no
84,263469107,"[1, 9, 8, 20, 20, 0, 0, 0, 10, 0, 0, 9, 8, 0, 0, 10, 4, 6, 4, 0, 0, 0, 27, 0, 4, 0, 0, 7, 10, 12, 4, 3, 0, 4, 10, 3, 3, 3, 14, 0, 10, 6, 6, 0, 0, 0, 10, 0, 0, 0, 0, 0, 0, 0, 0, 0, 0, 0, 0, 9, 2, 0, 0, 5, 0, 1, 0, 0, 1, 1, 0, 0, 0, 0, 0, 0, 0, 0, 0, 0, 0, 0, 0, 0, 10, 0, 0, 0, 0, 0, 0, 1, 0, 0, 0, 0, 0, 0, 0, 0, 0, 0, 0, 0, 0, 0, 3, 0, 0, 0, 0, 0, 0, 0, 0, 0, 0, 0, 0, 0, 1, 0, 0, 0, 0, 0, 0, 0, 0, 0, 0, 0, 0, 0, 0, 0, 0, 0, 0, 0, 0, 0, 0, 2, 0, 0, 0, 0, 0, 0, 0, 0, 0, 0, 0, 0, 0, 0, 0, 0, 0, 0, 0, 0, 0, 0, 0, 0, 1]",,,yes
85,264021792,"[1, 2, 2, 4, 4, 0, 0, 2, 5, 0, 0, 2, 11, 2, 0, 1, 2, 0, 0, 0, 0, 0, 7, 2, 0, 0, 0, 2, 0, 0, 3, 2, 0, 0, 4, 0, 4, 4, 0, 0, 6, 4, 4, 0, 2, 0, 2, 1, 2, 3, 3, 1, 1, 2, 2, 3, 3, 0, 2, 0, 0, 0, 0, 0, 0, 0, 0, 2, 0, 0, 0, 0, 0, 0, 0, 0, 0, 0, 0, 0, 0, 0, 0, 0, 0, 0, 2, 4, 0, 0, 0, 0, 0, 0, 2, 4, 5, 1, 0, 0, 0, 0, 1, 0, 0, 0, 1, 0, 0, 0, 0, 0, 0, 0, 0, 0, 0, 1, 0, 0, 1, 0, 0, 0, 0, 0, 0, 0, 0, 0, 0, 0, 0, 0, 0, 0, 0, 0, 0, 0, 0, 0, 0, 0, 0, 0, 0, 0, 0, 0, 0, 0, 0, 0, 0, 0, 0, 0, 0, 0, 0, 0, 0, 0, 0, 0, 0, 0, 0]",,,yes
86,264055551,"[1, 7, 5, 2, 2, 0, 0, 0, 0, 0, 0, 3, 1, 1, 0, 0, 0, 0, 0, 0, 0, 0, 4, 0, 0, 3, 3, 0, 0, 0, 0, 0, 0, 0, 2, 0, 1, 1, 0, 0, 1, 0, 0, 0, 1, 0, 0, 0, 0, 0, 0, 0, 0, 0, 0, 0, 0, 0, 0, 0, 0, 0, 0, 0, 12, 0, 0, 0, 0, 1, 0, 0, 0, 0, 0, 0, 0, 0, 1, 0, 0, 0, 0, 0, 0, 0, 1, 0, 0, 0, 0, 0, 0, 0, 0, 0, 0, 0, 0, 0, 0, 0, 0, 3, 0, 0, 0, 0, 0, 0, 0, 0, 0, 0, 0, 0, 0, 0, 0, 0, 0, 0, 1, 0, 0, 0, 0, 0, 0, 0, 0, 0, 0, 0, 0, 0, 0, 0, 0, 0, 0, 0, 0, 0, 0, 0, 0, 0, 0, 0, 0, 0, 0, 0, 0, 0, 0, 0, 0, 0, 0, 0, 0, 0, 0, 0, 0, 0, 0]",,,yes
87,264798262,"[1, 4, 7, 0, 0, 0, 0, 0, 0, 0, 0, 4, 1, 1, 1, 0, 0, 0, 0, 2, 0, 0, 2, 0, 0, 0, 0, 2, 1, 1, 0, 0, 2, 0, 0, 0, 2, 2, 0, 0, 0, 0, 0, 0, 0, 0, 0, 0, 0, 0, 0, 1, 0, 0, 0, 0, 0, 0, 0, 0, 0, 0, 0, 0, 0, 0, 0, 1, 0, 0, 0, 0, 0, 0, 0, 0, 0, 0, 0, 0, 0, 0, 0, 0, 0, 0, 0, 0, 0, 0, 0, 0, 0, 1, 0, 0, 0, 0, 0, 1, 0, 0, 0, 0, 0, 0, 0, 0, 0, 0, 0, 0, 0, 0, 0, 0, 0, 1, 0, 0, 0, 0, 0, 0, 0, 0, 0, 0, 0, 0, 0, 0, 0, 0, 0, 0, 0, 0, 0, 0, 0, 0, 0, 0, 0, 0, 0, 0, 0, 0, 0, 0, 0, 0, 0, 0, 0, 0, 0, 0, 0, 0, 0, 0, 0, 0, 0, 0, 0]",,,no
88,264993553,"[1, 3, 5, 4, 4, 1, 1, 1, 0, 0, 0, 4, 2, 2, 0, 0, 0, 0, 0, 0, 0, 0, 9, 2, 0, 0, 0, 5, 0, 0, 2, 5, 0, 0, 0, 0, 3, 3, 0, 0, 4, 0, 0, 0, 1, 0, 0, 0, 0, 0, 0, 1, 2, 0, 0, 0, 0, 0, 0, 0, 0, 0, 0, 0, 0, 0, 0, 1, 2, 4, 0, 0, 0, 0, 0, 0, 0, 0, 2, 0, 0, 0, 0, 0, 0, 0, 0, 0, 0, 0, 0, 0, 0, 1, 0, 0, 0, 0, 0, 0, 0, 0, 0, 0, 0, 0, 0, 0, 0, 0, 0, 0, 0, 0, 0, 0, 0, 0, 0, 0, 0, 0, 0, 0, 0, 0, 0, 0, 0, 0, 0, 0, 0, 0, 0, 0, 0, 0, 0, 0, 0, 0, 0, 0, 0, 0, 0, 0, 0, 0, 0, 0, 0, 0, 0, 0, 0, 0, 0, 0, 0, 0, 0, 0, 0, 0, 0, 0, 0]",,,yes
89,266566807,"[1, 11, 8, 0, 0, 0, 0, 3, 0, 0, 0, 3, 1, 0, 0, 0, 0, 0, 0, 0, 0, 0, 0, 0, 0, 0, 0, 0, 0, 0, 0, 0, 0, 0, 3, 0, 0, 0, 0, 0, 0, 0, 0, 0, 0, 0, 0, 0, 0, 0, 0, 0, 0, 0, 0, 0, 0, 0, 0, 0, 0, 0, 0, 0, 23, 0, 0, 0, 0, 0, 0, 1, 1, 3, 0, 0, 1, 1, 0, 0, 0, 0, 0, 0, 0, 0, 0, 0, 0, 0, 0, 0, 0, 0, 0, 0, 0, 0, 0, 3, 0, 0, 0, 0, 0, 0, 0, 0, 0, 0, 0, 0, 0, 0, 0, 0, 0, 0, 0, 0, 0, 0, 0, 0, 0, 0, 0, 0, 0, 0, 0, 0, 0, 0, 0, 0, 0, 0, 0, 0, 0, 0, 0, 0, 0, 0, 0, 0, 0, 0, 0, 0, 0, 0, 0, 0, 0, 0, 0, 0, 0, 0, 0, 0, 0, 0, 0, 0, 0]",,,no
90,267076849,"[1, 9, 10, 10, 10, 0, 0, 0, 0, 3, 3, 8, 1, 1, 0, 3, 5, 0, 0, 3, 0, 0, 15, 0, 0, 3, 3, 10, 4, 2, 0, 0, 0, 0, 4, 0, 2, 2, 0, 0, 4, 2, 2, 6, 0, 0, 0, 0, 0, 0, 0, 0, 0, 0, 0, 2, 2, 0, 2, 6, 0, 0, 0, 6, 1, 0, 0, 0, 1, 1, 0, 0, 0, 0, 0, 0, 0, 0, 0, 0, 0, 0, 0, 0, 2, 0, 0, 0, 0, 0, 0, 0, 0, 0, 0, 0, 0, 0, 0, 0, 0, 0, 0, 0, 0, 0, 0, 0, 0, 0, 0, 0, 0, 0, 0, 0, 0, 0, 0, 0, 0, 0, 0, 0, 0, 0, 0, 0, 0, 0, 0, 0, 0, 0, 0, 0, 0, 0, 0, 0, 0, 0, 0, 0, 0, 0, 0, 0, 0, 0, 0, 0, 0, 0, 0, 0, 0, 0, 0, 0, 0, 0, 0, 0, 0, 0, 0, 0, 0]",,,yes
91,267077148,"[1, 5, 6, 9, 9, 0, 0, 0, 0, 2, 2, 4, 0, 0, 0, 1, 4, 0, 0, 1, 0, 4, 7, 0, 1, 2, 2, 5, 5, 6, 0, 1, 0, 0, 6, 0, 0, 0, 0, 0, 2, 1, 1, 7, 0, 1, 0, 0, 0, 2, 2, 0, 2, 0, 0, 1, 1, 0, 1, 7, 2, 3, 0, 4, 0, 0, 0, 0, 0, 2, 0, 0, 0, 0, 0, 0, 0, 0, 2, 0, 0, 0, 0, 0, 1, 0, 0, 0, 1, 0, 0, 0, 0, 1, 0, 0, 0, 0, 0, 0, 0, 0, 0, 0, 0, 0, 0, 0, 0, 0, 0, 0, 0, 0, 0, 0, 0, 0, 0, 0, 0, 0, 0, 0, 0, 0, 0, 0, 0, 0, 0, 0, 0, 0, 0, 0, 0, 0, 0, 0, 0, 0, 0, 0, 0, 0, 0, 0, 0, 0, 0, 0, 0, 0, 0, 0, 0, 0, 0, 0, 0, 0, 0, 0, 0, 0, 0, 0, 0]",,,yes
92,268284506,"[1, 15, 26, 6, 6, 0, 0, 26, 1, 1, 1, 14, 4, 1, 2, 9, 96, 0, 0, 12, 0, 0, 12, 0, 0, 0, 0, 20, 30, 23, 0, 4, 0, 0, 51, 0, 0, 0, 0, 1, 59, 15, 15, 2, 0, 0, 1, 0, 0, 0, 0, 0, 4, 2, 2, 2, 2, 0, 64, 45, 10, 1, 0, 30, 0, 0, 26, 0, 6, 15, 0, 0, 0, 0, 0, 15, 0, 0, 9, 0, 0, 0, 0, 0, 4, 43, 0, 2, 2, 0, 0, 0, 0, 0, 2, 0, 0, 0, 0, 1, 0, 0, 0, 0, 0, 0, 0, 1, 0, 0, 0, 0, 0, 0, 0, 0, 0, 0, 0, 0, 0, 0, 0, 0, 0, 0, 0, 0, 0, 1, 0, 0, 0, 0, 0, 0, 0, 0, 0, 0, 0, 0, 0, 0, 0, 0, 0, 0, 0, 0, 0, 0, 0, 0, 0, 0, 0, 0, 0, 0, 0, 0, 0, 0, 0, 0, 0, 0, 0]",,,no
93,269007251,"[1, 37, 55, 12, 12, 0, 0, 14, 22, 0, 0, 39, 33, 6, 0, 2, 10, 0, 0, 32, 0, 4, 23, 0, 14, 2, 2, 16, 110, 40, 1, 1, 1, 2, 10, 3, 23, 23, 0, 0, 14, 11, 11, 2, 0, 0, 0, 0, 0, 0, 0, 1, 8, 5, 5, 2, 2, 0, 4, 115, 5, 0, 20, 45, 0, 0, 1, 1, 3, 5, 0, 0, 0, 0, 0, 38, 0, 0, 2, 0, 0, 0, 0, 0, 1, 0, 0, 2, 1, 0, 0, 0, 0, 0, 7, 4, 0, 0, 0, 0, 0, 0, 0, 1, 0, 0, 0, 0, 0, 0, 0, 0, 0, 0, 0, 0, 0, 0, 0, 0, 0, 0, 0, 0, 0, 0, 0, 0, 0, 0, 0, 0, 0, 0, 0, 1, 0, 0, 0, 0, 0, 0, 0, 0, 0, 0, 0, 0, 0, 0, 0, 0, 0, 0, 0, 0, 0, 0, 0, 0, 0, 0, 0, 0, 0, 0, 0, 0, 0]",,,yes
94,269015394,"[1, 4, 4, 0, 0, 0, 0, 0, 0, 1, 1, 3, 6, 6, 1, 4, 4, 0, 0, 4, 0, 0, 9, 0, 0, 0, 0, 0, 0, 0, 0, 0, 0, 0, 2, 0, 3, 3, 0, 0, 3, 0, 0, 0, 3, 0, 0, 0, 0, 0, 0, 0, 9, 0, 0, 0, 0, 2, 0, 0, 0, 0, 0, 0, 0, 0, 0, 0, 0, 4, 0, 0, 0, 0, 0, 0, 0, 0, 4, 0, 0, 0, 0, 0, 0, 0, 3, 0, 0, 0, 0, 0, 0, 0, 0, 0, 0, 0, 0, 9, 0, 0, 0, 9, 0, 0, 0, 0, 0, 0, 0, 0, 0, 0, 0, 0, 0, 0, 0, 0, 0, 0, 0, 0, 0, 0, 0, 0, 0, 0, 0, 0, 0, 0, 0, 0, 0, 0, 0, 0, 0, 0, 0, 0, 0, 0, 0, 0, 0, 0, 0, 0, 0, 0, 0, 0, 0, 0, 0, 0, 0, 0, 0, 0, 0, 0, 0, 0, 0]",,,yes
